--------------------------------------------------------
--  File created - Tuesday-September-18-2018   
--------------------------------------------------------


--drop table review;
--drop table shipping_detail;
--drop table order_detail;
--drop table inventory;
--drop table book_author;
--drop table user_role;
--drop table price_history;
--drop table orders;
--drop table shipping_address;
--drop table book;
--drop table category;
--drop table author;
--drop table publisher;
--drop table customer_card;
--drop table customer;
--drop table user_attempts;
--drop table static_master;
--------------------------------------------------------
--  DDL for Table BOOK
--------------------------------------------------------

  CREATE TABLE "BOOK" 
   (	"ID" NUMBER(6,0), 
	"NAME" VARCHAR2(100), 
	"HARDCOVERPATH" VARCHAR2(100), 
	"ISBN_10" VARCHAR2(20), 
	"PUBLISHERID" NUMBER(6,0), 
	"CATEGORYID" NUMBER(6,0), 
	"ISBN_13" VARCHAR2(20), 
	"PRICE" NUMBER(10,2), 
	"DESCRIPTION" VARCHAR2(4000), 
	"PAGE" NUMBER(5,0), 
	"DELETEFLAG" NUMBER(1,0), 
	"QTYINSTOCK" NUMBER(5,0) DEFAULT 0
   ) PCTFREE 10 PCTUSED 40 INITRANS 1 MAXTRANS 255 
 NOCOMPRESS LOGGING
  STORAGE(INITIAL 65536 NEXT 1048576 MINEXTENTS 1 MAXEXTENTS 2147483645
  PCTINCREASE 0 FREELISTS 1 FREELIST GROUPS 1
  BUFFER_POOL DEFAULT FLASH_CACHE DEFAULT CELL_FLASH_CACHE DEFAULT)
  TABLESPACE "SYSTEM" ;
/
--------------------------------------------------------
--  DDL for Table BOOK_AUTHOR
--------------------------------------------------------

  CREATE TABLE "BOOK_AUTHOR" 
   (	"BOOKID" NUMBER(6,0), 
	"AUTHORID" NUMBER(6,0)
   ) PCTFREE 10 PCTUSED 40 INITRANS 1 MAXTRANS 255 
 NOCOMPRESS LOGGING
  STORAGE(INITIAL 65536 NEXT 1048576 MINEXTENTS 1 MAXEXTENTS 2147483645
  PCTINCREASE 0 FREELISTS 1 FREELIST GROUPS 1
  BUFFER_POOL DEFAULT FLASH_CACHE DEFAULT CELL_FLASH_CACHE DEFAULT)
  TABLESPACE "SYSTEM" ;
/
--------------------------------------------------------
--  DDL for Table CATEGORY
--------------------------------------------------------

  CREATE TABLE "CATEGORY" 
   (	"ID" NUMBER(6,0) GENERATED BY DEFAULT ON NULL AS IDENTITY MINVALUE 1 MAXVALUE 9999999999999999999999999999 INCREMENT BY 1 START WITH 35 CACHE 20 NOORDER  NOCYCLE , 
	"NAME" VARCHAR2(100)
   ) PCTFREE 10 PCTUSED 40 INITRANS 1 MAXTRANS 255 
 NOCOMPRESS LOGGING
  STORAGE(INITIAL 65536 NEXT 1048576 MINEXTENTS 1 MAXEXTENTS 2147483645
  PCTINCREASE 0 FREELISTS 1 FREELIST GROUPS 1
  BUFFER_POOL DEFAULT FLASH_CACHE DEFAULT CELL_FLASH_CACHE DEFAULT)
  TABLESPACE "SYSTEM" ;
/
--------------------------------------------------------
--  DDL for Table CUSTOMER
--------------------------------------------------------

  CREATE TABLE "CUSTOMER" 
   (	"ID" NUMBER, 
	"FIRST_NAME" VARCHAR2(100), 
	"LAST_NAME" VARCHAR2(100), 
	"ADDRESS" VARCHAR2(100), 
	"CITY" VARCHAR2(100), 
	"STATE" VARCHAR2(100), 
	"EMAIL" VARCHAR2(50), 
	"ZIPCODE" VARCHAR2(8)
   ) PCTFREE 10 PCTUSED 40 INITRANS 1 MAXTRANS 255 
 NOCOMPRESS LOGGING
  STORAGE(INITIAL 65536 NEXT 1048576 MINEXTENTS 1 MAXEXTENTS 2147483645
  PCTINCREASE 0 FREELISTS 1 FREELIST GROUPS 1
  BUFFER_POOL DEFAULT FLASH_CACHE DEFAULT CELL_FLASH_CACHE DEFAULT)
  TABLESPACE "SYSTEM" ;
/
--------------------------------------------------------
--  DDL for Table CUSTOMER_CARD
--------------------------------------------------------

  CREATE TABLE "CUSTOMER_CARD" 
   (	"CARDID" NUMBER(6,0), 
	"CARDNUMBER" VARCHAR2(20), 
	"HOLDERNAME" VARCHAR2(100), 
	"EXPIREDATE" DATE, 
	"SECURITYCODE" VARCHAR2(6), 
	"CUSTOMERID" NUMBER(6,0)
   ) PCTFREE 10 PCTUSED 40 INITRANS 1 MAXTRANS 255 
 NOCOMPRESS LOGGING
  STORAGE(INITIAL 65536 NEXT 1048576 MINEXTENTS 1 MAXEXTENTS 2147483645
  PCTINCREASE 0 FREELISTS 1 FREELIST GROUPS 1
  BUFFER_POOL DEFAULT FLASH_CACHE DEFAULT CELL_FLASH_CACHE DEFAULT)
  TABLESPACE "SYSTEM" ;
/
--------------------------------------------------------
--  DDL for Table INVENTORY
--------------------------------------------------------

  CREATE TABLE "INVENTORY" 
   (	"BARCODE" VARCHAR2(15), 
	"BOOKID" NUMBER(6,0), 
	"ISAVAILABLE" NUMBER(1,0)
   ) PCTFREE 10 PCTUSED 40 INITRANS 1 MAXTRANS 255 
 NOCOMPRESS LOGGING
  STORAGE(INITIAL 65536 NEXT 1048576 MINEXTENTS 1 MAXEXTENTS 2147483645
  PCTINCREASE 0 FREELISTS 1 FREELIST GROUPS 1
  BUFFER_POOL DEFAULT FLASH_CACHE DEFAULT CELL_FLASH_CACHE DEFAULT)
  TABLESPACE "SYSTEM" ;
/
--------------------------------------------------------
--  DDL for Table ORDER_DETAIL
--------------------------------------------------------

  CREATE TABLE "ORDER_DETAIL" 
   (	"ID" NUMBER(6,0), 
	"ORDERID" NUMBER(6,0), 
	"BOOKID" NUMBER(6,0), 
	"QUANTITY" NUMBER(6,0), 
	"UNIT_PRICE" NUMBER(6,2), 
	"SHIPPING_DATE" DATE, 
	"EXPECT_ARRIVE" DATE
   ) PCTFREE 10 PCTUSED 40 INITRANS 1 MAXTRANS 255 
 NOCOMPRESS LOGGING
  STORAGE(INITIAL 65536 NEXT 1048576 MINEXTENTS 1 MAXEXTENTS 2147483645
  PCTINCREASE 0 FREELISTS 1 FREELIST GROUPS 1
  BUFFER_POOL DEFAULT FLASH_CACHE DEFAULT CELL_FLASH_CACHE DEFAULT)
  TABLESPACE "SYSTEM" ;
/
--------------------------------------------------------
--  DDL for Table ORDERS
--------------------------------------------------------

  CREATE TABLE "ORDERS" 
   (	"ID" NUMBER(6,0), 
	"CUSTOMERID" NUMBER(6,0), 
	"CREATEDATE" DATE, 
	"SHIPPINGID" NUMBER(6,0), 
	"CARDID" NUMBER
   ) PCTFREE 10 PCTUSED 40 INITRANS 1 MAXTRANS 255 
 NOCOMPRESS LOGGING
  STORAGE(INITIAL 65536 NEXT 1048576 MINEXTENTS 1 MAXEXTENTS 2147483645
  PCTINCREASE 0 FREELISTS 1 FREELIST GROUPS 1
  BUFFER_POOL DEFAULT FLASH_CACHE DEFAULT CELL_FLASH_CACHE DEFAULT)
  TABLESPACE "SYSTEM" ;
/
--------------------------------------------------------
--  DDL for Table PRICE_HISTORY
--------------------------------------------------------

  CREATE TABLE "PRICE_HISTORY" 
   (	"BOOKID" NUMBER(6,0), 
	"STARTDATE" DATE, 
	"ENDDATE" DATE, 
	"INVOICEPRICE" NUMBER(6,2), 
	"SELLPRICE" NUMBER(6,2), 
	"CREATEDATE" DATE
   ) PCTFREE 10 PCTUSED 40 INITRANS 1 MAXTRANS 255 
 NOCOMPRESS LOGGING
  STORAGE(INITIAL 65536 NEXT 1048576 MINEXTENTS 1 MAXEXTENTS 2147483645
  PCTINCREASE 0 FREELISTS 1 FREELIST GROUPS 1
  BUFFER_POOL DEFAULT FLASH_CACHE DEFAULT CELL_FLASH_CACHE DEFAULT)
  TABLESPACE "SYSTEM" ;
/
--------------------------------------------------------
--  DDL for Table PUBLISHER
--------------------------------------------------------

  CREATE TABLE "PUBLISHER" 
   (	"ID" NUMBER(6,0), 
	"NAME" VARCHAR2(200), 
	"ADDRESS" VARCHAR2(200), 
	"CITY" VARCHAR2(100), 
	"STATE" VARCHAR2(100), 
	"PHONE" VARCHAR2(12)
   ) PCTFREE 10 PCTUSED 40 INITRANS 1 MAXTRANS 255 
 NOCOMPRESS LOGGING
  STORAGE(INITIAL 65536 NEXT 1048576 MINEXTENTS 1 MAXEXTENTS 2147483645
  PCTINCREASE 0 FREELISTS 1 FREELIST GROUPS 1
  BUFFER_POOL DEFAULT FLASH_CACHE DEFAULT CELL_FLASH_CACHE DEFAULT)
  TABLESPACE "SYSTEM" ;
/
--------------------------------------------------------
--  DDL for Table REVIEW
--------------------------------------------------------

  CREATE TABLE "REVIEW" 
   (	"ID" NUMBER(6,0), 
	"BOOKID" NUMBER(6,0), 
	"POSTERID" NUMBER(6,0), 
	"COMMENTS" VARCHAR2(4000), 
	"CREATEDATE" DATE, 
	"RATING" NUMBER(1,0)
   ) PCTFREE 10 PCTUSED 40 INITRANS 1 MAXTRANS 255 
 NOCOMPRESS LOGGING
  STORAGE(INITIAL 65536 NEXT 1048576 MINEXTENTS 1 MAXEXTENTS 2147483645
  PCTINCREASE 0 FREELISTS 1 FREELIST GROUPS 1
  BUFFER_POOL DEFAULT FLASH_CACHE DEFAULT CELL_FLASH_CACHE DEFAULT)
  TABLESPACE "SYSTEM" ;
/
--------------------------------------------------------
--  DDL for Table SHIPPING_ADDRESS
--------------------------------------------------------

  CREATE TABLE "SHIPPING_ADDRESS" 
   (	"ID" NUMBER(6,0), 
	"ADDRESS" VARCHAR2(100), 
	"CITY" VARCHAR2(100), 
	"STATE" VARCHAR2(100), 
	"ZIPCODE" VARCHAR2(6)
   ) PCTFREE 10 PCTUSED 40 INITRANS 1 MAXTRANS 255 
 NOCOMPRESS LOGGING
  STORAGE(INITIAL 65536 NEXT 1048576 MINEXTENTS 1 MAXEXTENTS 2147483645
  PCTINCREASE 0 FREELISTS 1 FREELIST GROUPS 1
  BUFFER_POOL DEFAULT FLASH_CACHE DEFAULT CELL_FLASH_CACHE DEFAULT)
  TABLESPACE "SYSTEM" ;
/
--------------------------------------------------------
--  DDL for Table SHIPPING_DETAIL
--------------------------------------------------------

  CREATE TABLE "SHIPPING_DETAIL" 
   (	"ID" NUMBER(6,0), 
	"ORDERDETAILID" NUMBER(6,0), 
	"BARCODE" VARCHAR2(15), 
	"RETURN_DATE" DATE
   ) PCTFREE 10 PCTUSED 40 INITRANS 1 MAXTRANS 255 
 NOCOMPRESS LOGGING
  STORAGE(INITIAL 65536 NEXT 1048576 MINEXTENTS 1 MAXEXTENTS 2147483645
  PCTINCREASE 0 FREELISTS 1 FREELIST GROUPS 1
  BUFFER_POOL DEFAULT FLASH_CACHE DEFAULT CELL_FLASH_CACHE DEFAULT)
  TABLESPACE "SYSTEM" ;
/
--------------------------------------------------------
--  DDL for Table STATIC_MASTER
--------------------------------------------------------

  CREATE TABLE "STATIC_MASTER" 
   (	"FUNCTION_TYPE" VARCHAR2(30), 
	"CODE" VARCHAR2(30), 
	"DESCRIPTION" VARCHAR2(200), 
	"NAME" VARCHAR2(30)
   ) PCTFREE 10 PCTUSED 40 INITRANS 1 MAXTRANS 255 
 NOCOMPRESS LOGGING
  STORAGE(INITIAL 65536 NEXT 1048576 MINEXTENTS 1 MAXEXTENTS 2147483645
  PCTINCREASE 0 FREELISTS 1 FREELIST GROUPS 1
  BUFFER_POOL DEFAULT FLASH_CACHE DEFAULT CELL_FLASH_CACHE DEFAULT)
  TABLESPACE "SYSTEM" ;
/
--------------------------------------------------------
--  DDL for Table USER_ATTEMPTS
--------------------------------------------------------

  CREATE TABLE "USER_ATTEMPTS" 
   (	"USERNAME" VARCHAR2(45), 
	"ATTEMPTS" NUMBER(1,0), 
	"LASTMODIFIED" TIMESTAMP (6)
   ) PCTFREE 10 PCTUSED 40 INITRANS 1 MAXTRANS 255 
 NOCOMPRESS LOGGING
  STORAGE(INITIAL 65536 NEXT 1048576 MINEXTENTS 1 MAXEXTENTS 2147483645
  PCTINCREASE 0 FREELISTS 1 FREELIST GROUPS 1
  BUFFER_POOL DEFAULT FLASH_CACHE DEFAULT CELL_FLASH_CACHE DEFAULT)
  TABLESPACE "SYSTEM" ;
/
--------------------------------------------------------
--  DDL for Table USER_ROLE
--------------------------------------------------------

  CREATE TABLE "USER_ROLE" 
   (	"USERNAME" VARCHAR2(50), 
	"PASSWORD" VARCHAR2(100), 
	"CUSTOMERID" NUMBER(6,0), 
	"ROLE" NUMBER(1,0), 
	"ENABLED" NUMBER(1,0) DEFAULT 1, 
	"ACCOUNTNONEXPIRED" NUMBER(1,0) DEFAULT 1, 
	"ACCOUNTNONLOCKED" NUMBER(1,0) DEFAULT 1, 
	"CREDENTIALSNONEXPIRED" NUMBER(1,0) DEFAULT 1
   ) PCTFREE 10 PCTUSED 40 INITRANS 1 MAXTRANS 255 
 NOCOMPRESS LOGGING
  STORAGE(INITIAL 65536 NEXT 1048576 MINEXTENTS 1 MAXEXTENTS 2147483645
  PCTINCREASE 0 FREELISTS 1 FREELIST GROUPS 1
  BUFFER_POOL DEFAULT FLASH_CACHE DEFAULT CELL_FLASH_CACHE DEFAULT)
  TABLESPACE "SYSTEM" ;

REM INSERTING into CATEGORY
SET DEFINE OFF;
Insert into CATEGORY (ID,NAME) values (1,'Arts & Photography');
Insert into CATEGORY (ID,NAME) values (2,'Biographies & Memoirs');
Insert into CATEGORY (ID,NAME) values (3,'Business & Money');
Insert into CATEGORY (ID,NAME) values (4,'Calendars');
Insert into CATEGORY (ID,NAME) values (5,'Childrens Books');
Insert into CATEGORY (ID,NAME) values (6,'Christian Books & Bibles');
Insert into CATEGORY (ID,NAME) values (7,'Comics & Graphic Novels');
Insert into CATEGORY (ID,NAME) values (8,'Computers & Technology');
Insert into CATEGORY (ID,NAME) values (9,'Cookbooks, Food & Wine');
Insert into CATEGORY (ID,NAME) values (10,'Crafts, Hobbies & Home');
Insert into CATEGORY (ID,NAME) values (11,'Education & Teaching');
Insert into CATEGORY (ID,NAME) values (12,'Engineering & Transportation');
Insert into CATEGORY (ID,NAME) values (13,'Health, Fitness & Dieting');
Insert into CATEGORY (ID,NAME) values (14,'History');
Insert into CATEGORY (ID,NAME) values (15,'Humor & Entertainment');
Insert into CATEGORY (ID,NAME) values (16,'Law');
Insert into CATEGORY (ID,NAME) values (17,'Lesbian, Gay, Bisexual & Transgender Books');
Insert into CATEGORY (ID,NAME) values (18,'Literature & Fiction');
Insert into CATEGORY (ID,NAME) values (19,'Medical Books');
Insert into CATEGORY (ID,NAME) values (20,'Mystery, Thriller & Suspense');
Insert into CATEGORY (ID,NAME) values (21,'Parenting & Relationships');
Insert into CATEGORY (ID,NAME) values (22,'Politics & Social Sciences');
Insert into CATEGORY (ID,NAME) values (23,'Reference');
Insert into CATEGORY (ID,NAME) values (24,'Religion & Spirituality');
Insert into CATEGORY (ID,NAME) values (25,'Romance');
Insert into CATEGORY (ID,NAME) values (26,'Science & Math');
Insert into CATEGORY (ID,NAME) values (27,'Science Fiction & Fantasy');
Insert into CATEGORY (ID,NAME) values (28,'Self-Help');
Insert into CATEGORY (ID,NAME) values (29,'Sports & Outdoors');
Insert into CATEGORY (ID,NAME) values (30,'Teen & Young Adult');
Insert into CATEGORY (ID,NAME) values (31,'Test Preparation');
Insert into CATEGORY (ID,NAME) values (32,'Travel');

REM INSERTING into PUBLISHER
SET DEFINE OFF;
Insert into PUBLISHER (ID,NAME,ADDRESS,CITY,STATE,PHONE) values (1,'Prentice Hall','285 Lafayette Avenue','Oakland','California','12345678910');
Insert into PUBLISHER (ID,NAME,ADDRESS,CITY,STATE,PHONE) values (2,'Mike Murach & Associates','114 Route 7','Anaheim','California','12345678911');
Insert into PUBLISHER (ID,NAME,ADDRESS,CITY,STATE,PHONE) values (3,'Addison-Wesley Professional','45 Broad Street West','Portland','Oregon','12345678912');
Insert into PUBLISHER (ID,NAME,ADDRESS,CITY,STATE,PHONE) values (4,'McGraw-Hill Education','249 Devonshire Drive','Seattle','Washington','12345678913');
Insert into PUBLISHER (ID,NAME,ADDRESS,CITY,STATE,PHONE) values (6,'OReilly Media','39 Depot Street','Tucson','Arizona','12345678915');
Insert into PUBLISHER (ID,NAME,ADDRESS,CITY,STATE,PHONE) values (8,'CreateSpace Independent Publishing Platform','51 Franklin Court','Las Vegas','Nevada','12345678917');
Insert into PUBLISHER (ID,NAME,ADDRESS,CITY,STATE,PHONE) values (9,'Simple Programmer','222 Hickory Street','Toledo','Ohio','12345678918');
Insert into PUBLISHER (ID,NAME,ADDRESS,CITY,STATE,PHONE) values (10,'For Dummies','100 Hilltop Road','Cleveland','Ohio','12345678919');
Insert into PUBLISHER (ID,NAME,ADDRESS,CITY,STATE,PHONE) values (13,'Sams Publishing','39 Woodland Road','Buffalo','New York','12345678922');
Insert into PUBLISHER (ID,NAME,ADDRESS,CITY,STATE,PHONE) values (14,'Sybex','217 Prospect Street','Columbus','Ohio','12345678923');
Insert into PUBLISHER (ID,NAME,ADDRESS,CITY,STATE,PHONE) values (15,'Pearson','48 12th Street','Baton Rouge','Louisiana','12345678924');
Insert into PUBLISHER (ID,NAME,ADDRESS,CITY,STATE,PHONE) values (16,'Amazon Digital Services LLC','25 Country Club Drive','Boise','Idaho','12345678925');
Insert into PUBLISHER (ID,NAME,ADDRESS,CITY,STATE,PHONE) values (17,'Packt Publishing - ebooks Account (September 19, 2017)','125 Lawrence Street','Omaha','Nebraska','12345678926');
Insert into PUBLISHER (ID,NAME,ADDRESS,CITY,STATE,PHONE) values (18,'Mark A. Schneider','178 Lafayette Street','Norfolk','Virginia','12345678927');
Insert into PUBLISHER (ID,NAME,ADDRESS,CITY,STATE,PHONE) values (19,'Majella Publishing LLC','162 13th Street','Minneapolis','Minnesota','12345678928');
Insert into PUBLISHER (ID,NAME,ADDRESS,CITY,STATE,PHONE) values (20,'Cartwheel Books','290 Manor Drive','San Antonio','Texas','12345678929');
Insert into PUBLISHER (ID,NAME,ADDRESS,CITY,STATE,PHONE) values (21,'Farrar, Straus and Giroux (August 6, 2013)','270 Church Street','Nashville-Davidson','Tennessee','12345678930');
Insert into PUBLISHER (ID,NAME,ADDRESS,CITY,STATE,PHONE) values (22,'HarperCollins','20 Magnolia Court','Lexington-Fayette','Kentucky','12345678931');
Insert into PUBLISHER (ID,NAME,ADDRESS,CITY,STATE,PHONE) values (23,'Random House Books for Young Readers','283 Euclid Avenue','Lincoln','Nebraska','12345678932');
Insert into PUBLISHER (ID,NAME,ADDRESS,CITY,STATE,PHONE) values (24,'Firefly Books (September 1, 1995)','206 Somerset Drive','Newark','New Jersey','12345678933');
Insert into PUBLISHER (ID,NAME,ADDRESS,CITY,STATE,PHONE) values (25,'Henry Holt and Co. (BYR)','275 Grove Avenue','Corpus Christi','Texas','12345678934');
Insert into PUBLISHER (ID,NAME,ADDRESS,CITY,STATE,PHONE) values (26,'Philomel Books','243 Route 5','Charlotte','North Carolina','12345678935');
Insert into PUBLISHER (ID,NAME,ADDRESS,CITY,STATE,PHONE) values (27,'Disney-Hyperion','89 Jefferson Street','Arlington','Texas','12345678936');
Insert into PUBLISHER (ID,NAME,ADDRESS,CITY,STATE,PHONE) values (28,'Mango (January 2, 2018)','211 Circle Drive','Milwaukee','Wisconsin','12345678937');
Insert into PUBLISHER (ID,NAME,ADDRESS,CITY,STATE,PHONE) values (29,'Random House Books for Young Readers (September 8, 1998)','277 Mechanic Street','Henderson','Nevada','12345678938');
Insert into PUBLISHER (ID,NAME,ADDRESS,CITY,STATE,PHONE) values (30,'HarperFestival','51 Grove Street','Lubbock','Texas','12345678939');
Insert into PUBLISHER (ID,NAME,ADDRESS,CITY,STATE,PHONE) values (31,'Little Simon','151 Bridle Lane','El Paso','Texas','12345678940');
Insert into PUBLISHER (ID,NAME,ADDRESS,CITY,STATE,PHONE) values (33,'North-South Books','295 Highland Avenue','Houston','Texas','12345678942');
Insert into PUBLISHER (ID,NAME,ADDRESS,CITY,STATE,PHONE) values (36,'Little Pickle Press','206 Washington Street','Anaheim','California','12345678945');
Insert into PUBLISHER (ID,NAME,ADDRESS,CITY,STATE,PHONE) values (37,'Sourcebooks Jabberwocky (June 6, 2017)','26 Liberty Street','Portland','Oregon','12345678946');

REM INSERTING into CUSTOMER
SET DEFINE OFF;
Insert into CUSTOMER (ID,FIRST_NAME,LAST_NAME,ADDRESS,CITY,STATE,EMAIL,ZIPCODE) values (46,'Thompson','Steve','3675 Furth Circle','Burbank','CA','thompson94019@gmail.com','07005');
Insert into CUSTOMER (ID,FIRST_NAME,LAST_NAME,ADDRESS,CITY,STATE,EMAIL,ZIPCODE) values (47,'Salazar','Rosa','11328 Douglas Av.','Philadelphia','PA','salazar71270@gmail.com','07005');
Insert into CUSTOMER (ID,FIRST_NAME,LAST_NAME,ADDRESS,CITY,STATE,EMAIL,ZIPCODE) values (48,'Taylor','Sue','2793 Furth Circle','Brisbane','CA','taylor94217@gmail.com','07005');
Insert into CUSTOMER (ID,FIRST_NAME,LAST_NAME,ADDRESS,CITY,STATE,EMAIL,ZIPCODE) values (1,'King','Jean','8489 Strong St.','Las Vegas','NV','king83030@gmail.com','07005');
Insert into CUSTOMER (ID,FIRST_NAME,LAST_NAME,ADDRESS,CITY,STATE,EMAIL,ZIPCODE) values (2,'Ferguson','Peter','636 St Kilda Road','Melbourne','Victoria','ferguson3004@gmail.com','07005');
Insert into CUSTOMER (ID,FIRST_NAME,LAST_NAME,ADDRESS,CITY,STATE,EMAIL,ZIPCODE) values (3,'Nelson','Susan','5677 Strong St.','San Rafael','CA','nelson97562@gmail.com','07005');
Insert into CUSTOMER (ID,FIRST_NAME,LAST_NAME,ADDRESS,CITY,STATE,EMAIL,ZIPCODE) values (4,'Murphy','Julie','5557 North Pendale Street','San Francisco','CA','murphy94217@gmail.com','07005');
Insert into CUSTOMER (ID,FIRST_NAME,LAST_NAME,ADDRESS,CITY,STATE,EMAIL,ZIPCODE) values (5,'Lee','Kwai','897 Long Airport Avenue','NYC','NY','lee10022@gmail.com','07005');
Insert into CUSTOMER (ID,FIRST_NAME,LAST_NAME,ADDRESS,CITY,STATE,EMAIL,ZIPCODE) values (6,'Young','Jeff','4092 Furth Circle','NYC','NY','young10022@gmail.com','07005');
Insert into CUSTOMER (ID,FIRST_NAME,LAST_NAME,ADDRESS,CITY,STATE,EMAIL,ZIPCODE) values (7,'Leong','Kelvin','7586 Pompton St.','Allentown','PA','leong70267@gmail.com','07005');
Insert into CUSTOMER (ID,FIRST_NAME,LAST_NAME,ADDRESS,CITY,STATE,EMAIL,ZIPCODE) values (8,'Hashimoto','Juri','9408 Furth Circle','Burlingame','CA','hashimoto94217@gmail.com','07005');
Insert into CUSTOMER (ID,FIRST_NAME,LAST_NAME,ADDRESS,CITY,STATE,EMAIL,ZIPCODE) values (9,'Franco','Keith','149 Spinnaker Dr.','New Haven','CT','franco97823@gmail.com','07005');
Insert into CUSTOMER (ID,FIRST_NAME,LAST_NAME,ADDRESS,CITY,STATE,EMAIL,ZIPCODE) values (10,'Tseng','Jerry','4658 Baden Av.','Cambridge','MA','tseng51247@gmail.com','07005');
Insert into CUSTOMER (ID,FIRST_NAME,LAST_NAME,ADDRESS,CITY,STATE,EMAIL,ZIPCODE) values (11,'King','Julie','25593 South Bay Ln.','Bridgewater','CT','king97562@gmail.com','07005');
Insert into CUSTOMER (ID,FIRST_NAME,LAST_NAME,ADDRESS,CITY,STATE,EMAIL,ZIPCODE) values (12,'Kentary','Mory','1-6-20 Dojima','Kita-ku','Osaka','kentary530-0003@gmail.com','07005');
Insert into CUSTOMER (ID,FIRST_NAME,LAST_NAME,ADDRESS,CITY,STATE,EMAIL,ZIPCODE) values (13,'Frick','Michael','2678 Kingston Rd.','NYC','NY','frick10022@gmail.com','07005');
Insert into CUSTOMER (ID,FIRST_NAME,LAST_NAME,ADDRESS,CITY,STATE,EMAIL,ZIPCODE) values (14,'Taylor','Leslie','16780 Pompton St.','Brickhaven','MA','taylor58339@gmail.com','07005');
Insert into CUSTOMER (ID,FIRST_NAME,LAST_NAME,ADDRESS,CITY,STATE,EMAIL,ZIPCODE) values (15,'Tamuri','Yoshi ','1900 Oak St.','Vancouver','BC','tamuriv3f2k1@gmail.com','07005');
Insert into CUSTOMER (ID,FIRST_NAME,LAST_NAME,ADDRESS,CITY,STATE,EMAIL,ZIPCODE) values (16,'Barajas','Miguel','7635 Spinnaker Dr.','Brickhaven','MA','barajas58339@gmail.com','07005');
Insert into CUSTOMER (ID,FIRST_NAME,LAST_NAME,ADDRESS,CITY,STATE,EMAIL,ZIPCODE) values (17,'Young','Julie','78934 Hillside Dr.','Pasadena','CA','young90003@gmail.com','07005');
Insert into CUSTOMER (ID,FIRST_NAME,LAST_NAME,ADDRESS,CITY,STATE,EMAIL,ZIPCODE) values (18,'Young','Mary','4097 Douglas Av.','Glendale','CA','young92561@gmail.com','07005');
Insert into CUSTOMER (ID,FIRST_NAME,LAST_NAME,ADDRESS,CITY,STATE,EMAIL,ZIPCODE) values (19,'Fresnière','Jean ','43 rue St. Laurent','Montréal','Québec','fresnièreh1j1c3@gmail.com','07005');
Insert into CUSTOMER (ID,FIRST_NAME,LAST_NAME,ADDRESS,CITY,STATE,EMAIL,ZIPCODE) values (20,'Thompson','Valarie','361 Furth Circle','San Diego','CA','thompson91217@gmail.com','07005');
Insert into CUSTOMER (ID,FIRST_NAME,LAST_NAME,ADDRESS,CITY,STATE,EMAIL,ZIPCODE) values (21,'Bennett','Helen ','Garden House','Cowes','Isle of Wight','bennettpo317pj@gmail.com','07005');
Insert into CUSTOMER (ID,FIRST_NAME,LAST_NAME,ADDRESS,CITY,STATE,EMAIL,ZIPCODE) values (22,'Lincoln','Elizabeth ','23 Tsawassen Blvd.','Tsawassen','BC','lincolnt2f8m4@gmail.com','07005');
Insert into CUSTOMER (ID,FIRST_NAME,LAST_NAME,ADDRESS,CITY,STATE,EMAIL,ZIPCODE) values (23,'O Hara','Anna','201 Miller Street','North Sydney','NSW','ohara2060@gmail.com','07005');
Insert into CUSTOMER (ID,FIRST_NAME,LAST_NAME,ADDRESS,CITY,STATE,EMAIL,ZIPCODE) values (24,'Huxley','Adrian','Monitor Money Building','Chatswood','NSW','huxley2067@gmail.com','07005');
Insert into CUSTOMER (ID,FIRST_NAME,LAST_NAME,ADDRESS,CITY,STATE,EMAIL,ZIPCODE) values (25,'Hernandez','Marta','39323 Spinnaker Dr.','Cambridge','MA','hernandez51247@gmail.com','07005');
Insert into CUSTOMER (ID,FIRST_NAME,LAST_NAME,ADDRESS,CITY,STATE,EMAIL,ZIPCODE) values (26,'Frick','Steve','3758 North Pendale Street','White Plains','NY','frick24067@gmail.com','07005');
Insert into CUSTOMER (ID,FIRST_NAME,LAST_NAME,ADDRESS,CITY,STATE,EMAIL,ZIPCODE) values (27,'Huang','Wing','4575 Hillside Dr.','New Bedford','MA','huang50553@gmail.com','07005');
Insert into CUSTOMER (ID,FIRST_NAME,LAST_NAME,ADDRESS,CITY,STATE,EMAIL,ZIPCODE) values (28,'Brown','Julie','7734 Strong St.','San Francisco','CA','brown94217@gmail.com','07005');
Insert into CUSTOMER (ID,FIRST_NAME,LAST_NAME,ADDRESS,CITY,STATE,EMAIL,ZIPCODE) values (29,'Brown','William','7476 Moss Rd.','Newark','NJ','brown94019@gmail.com','07005');
Insert into CUSTOMER (ID,FIRST_NAME,LAST_NAME,ADDRESS,CITY,STATE,EMAIL,ZIPCODE) values (30,'Calaghan','Ben','31 Duncan St. West End','South Brisbane','Queensland','calaghan4101@gmail.com','07005');
Insert into CUSTOMER (ID,FIRST_NAME,LAST_NAME,ADDRESS,CITY,STATE,EMAIL,ZIPCODE) values (31,'Cervantes','Francisca','782 First Street','Philadelphia','PA','cervantes71270@gmail.com','07005');
Insert into CUSTOMER (ID,FIRST_NAME,LAST_NAME,ADDRESS,CITY,STATE,EMAIL,ZIPCODE) values (32,'Chandler','Brian','6047 Douglas Av.','Los Angeles','CA','chandler91003@gmail.com','07005');
Insert into CUSTOMER (ID,FIRST_NAME,LAST_NAME,ADDRESS,CITY,STATE,EMAIL,ZIPCODE) values (33,'McKenna','Patricia ','8 Johnstown Road','Cork','Co. Cork','mckenna@gmail.com','07005');
Insert into CUSTOMER (ID,FIRST_NAME,LAST_NAME,ADDRESS,CITY,STATE,EMAIL,ZIPCODE) values (34,'Kuger','Armand','1250 Pretorius Street','Hatfield','Pretoria','kuger0028@gmail.com','07005');
Insert into CUSTOMER (ID,FIRST_NAME,LAST_NAME,ADDRESS,CITY,STATE,EMAIL,ZIPCODE) values (35,'Yoshido','Juri','8616 Spinnaker Dr.','Boston','MA','yoshido51003@gmail.com','07005');
Insert into CUSTOMER (ID,FIRST_NAME,LAST_NAME,ADDRESS,CITY,STATE,EMAIL,ZIPCODE) values (36,'Young','Dorothy','2304 Long Airport Avenue','Nashua','NH','young62005@gmail.com','07005');
Insert into CUSTOMER (ID,FIRST_NAME,LAST_NAME,ADDRESS,CITY,STATE,EMAIL,ZIPCODE) values (37,'Nelson','Allen','7825 Douglas Av.','Brickhaven','MA','nelson58339@gmail.com','07005');
Insert into CUSTOMER (ID,FIRST_NAME,LAST_NAME,ADDRESS,CITY,STATE,EMAIL,ZIPCODE) values (38,'Shimamura','Akiko','2-2-8 Roppongi','Minato-ku','Tokyo','shimamura106-0032@gmail.com','07005');
Insert into CUSTOMER (ID,FIRST_NAME,LAST_NAME,ADDRESS,CITY,STATE,EMAIL,ZIPCODE) values (39,'Hernandez','Maria','5905 Pompton St.','NYC','NY','hernandez10022@gmail.com','07005');
Insert into CUSTOMER (ID,FIRST_NAME,LAST_NAME,ADDRESS,CITY,STATE,EMAIL,ZIPCODE) values (40,'Lewis','Dan','2440 Pompton St.','Glendale','CT','lewis97561@gmail.com','07005');
Insert into CUSTOMER (ID,FIRST_NAME,LAST_NAME,ADDRESS,CITY,STATE,EMAIL,ZIPCODE) values (41,'Frick','Sue','3086 Ingle Ln.','San Jose','CA','frick94217@gmail.com','07005');
Insert into CUSTOMER (ID,FIRST_NAME,LAST_NAME,ADDRESS,CITY,STATE,EMAIL,ZIPCODE) values (42,'Murphy','Leslie','567 North Pendale Street','New Haven','CT','murphy97823@gmail.com','07005');
Insert into CUSTOMER (ID,FIRST_NAME,LAST_NAME,ADDRESS,CITY,STATE,EMAIL,ZIPCODE) values (43,'Choi','Yu','5290 North Pendale Street','NYC','NY','choi10022@gmail.com','07005');
Insert into CUSTOMER (ID,FIRST_NAME,LAST_NAME,ADDRESS,CITY,STATE,EMAIL,ZIPCODE) values (44,'Benitez','Violeta','1785 First Street','New Bedford','MA','benitez50553@gmail.com','07005');
Insert into CUSTOMER (ID,FIRST_NAME,LAST_NAME,ADDRESS,CITY,STATE,EMAIL,ZIPCODE) values (45,'Clenahan','Sean','7 Allen Street','Glen Waverly','Victoria','clenahan3150@gmail.com','07005');
Insert into CUSTOMER (ID,FIRST_NAME,LAST_NAME,ADDRESS,CITY,STATE,EMAIL,ZIPCODE) values (49,'Franco','Valarie','6251 Ingle Ln.','Boston','MA','franco51003@gmail.com','07005');
Insert into CUSTOMER (ID,FIRST_NAME,LAST_NAME,ADDRESS,CITY,STATE,EMAIL,ZIPCODE) values (101,'Admin','Manager','sfdgfg','dffgfg','CA','admin@gmail.com','07305');
REM INSERTING into CUSTOMER_CARD
SET DEFINE OFF;
Insert into CUSTOMER_CARD (CARDID,CARDNUMBER,HOLDERNAME,EXPIREDATE,SECURITYCODE,CUSTOMERID) values (1,'6454576983957','Herry won',to_date('31-AUG-20','DD-MON-RR'),'3243',1);
Insert into CUSTOMER_CARD (CARDID,CARDNUMBER,HOLDERNAME,EXPIREDATE,SECURITYCODE,CUSTOMERID) values (55,'64802000110682','Brenda D Peterson',to_date('28-FEB-18','DD-MON-RR'),'689',1);
Insert into CUSTOMER_CARD (CARDID,CARDNUMBER,HOLDERNAME,EXPIREDATE,SECURITYCODE,CUSTOMERID) values (56,'30295200100591','Dawn U Reese',to_date('30-JUN-22','DD-MON-RR'),'70',2);
Insert into CUSTOMER_CARD (CARDID,CARDNUMBER,HOLDERNAME,EXPIREDATE,SECURITYCODE,CUSTOMERID) values (57,'30082500102987','Helen P Perry',to_date('31-DEC-22','DD-MON-RR'),'709',3);
Insert into CUSTOMER_CARD (CARDID,CARDNUMBER,HOLDERNAME,EXPIREDATE,SECURITYCODE,CUSTOMERID) values (58,'34485000106782','Christine E Kim',to_date('30-APR-19','DD-MON-RR'),'3819',4);
Insert into CUSTOMER_CARD (CARDID,CARDNUMBER,HOLDERNAME,EXPIREDATE,SECURITYCODE,CUSTOMERID) values (59,'35833900104541','Elizabeth Z Lopez',to_date('31-JUL-19','DD-MON-RR'),'913',5);
Insert into CUSTOMER_CARD (CARDID,CARDNUMBER,HOLDERNAME,EXPIREDATE,SECURITYCODE,CUSTOMERID) values (60,'35873900105327','Nancy S Robles',to_date('31-OCT-19','DD-MON-RR'),'217',6);
Insert into CUSTOMER_CARD (CARDID,CARDNUMBER,HOLDERNAME,EXPIREDATE,SECURITYCODE,CUSTOMERID) values (61,'37076000108897','Jesse J Perez',to_date('31-JUL-20','DD-MON-RR'),'3555',7);
Insert into CUSTOMER_CARD (CARDID,CARDNUMBER,HOLDERNAME,EXPIREDATE,SECURITYCODE,CUSTOMERID) values (62,'51954500104329','Jon O Reese',to_date('31-MAY-22','DD-MON-RR'),'241',8);
Insert into CUSTOMER_CARD (CARDID,CARDNUMBER,HOLDERNAME,EXPIREDATE,SECURITYCODE,CUSTOMERID) values (63,'30136300105625','Jeremy P Price',to_date('30-NOV-22','DD-MON-RR'),'82',9);
Insert into CUSTOMER_CARD (CARDID,CARDNUMBER,HOLDERNAME,EXPIREDATE,SECURITYCODE,CUSTOMERID) values (64,'30240300101965','Joe N Mccarty',to_date('30-SEP-19','DD-MON-RR'),'509',10);
Insert into CUSTOMER_CARD (CARDID,CARDNUMBER,HOLDERNAME,EXPIREDATE,SECURITYCODE,CUSTOMERID) values (65,'35306800101740','Billy O Bell',to_date('31-JAN-21','DD-MON-RR'),'769',11);
Insert into CUSTOMER_CARD (CARDID,CARDNUMBER,HOLDERNAME,EXPIREDATE,SECURITYCODE,CUSTOMERID) values (66,'51989900109416','Vincent M Fulton',to_date('31-OCT-20','DD-MON-RR'),'220',12);
Insert into CUSTOMER_CARD (CARDID,CARDNUMBER,HOLDERNAME,EXPIREDATE,SECURITYCODE,CUSTOMERID) values (67,'35293100101687','Sandra H Adams',to_date('31-JUL-19','DD-MON-RR'),'885',13);
Insert into CUSTOMER_CARD (CARDID,CARDNUMBER,HOLDERNAME,EXPIREDATE,SECURITYCODE,CUSTOMERID) values (68,'43810800108810','Edward Z Owen',to_date('28-FEB-19','DD-MON-RR'),'487',14);
Insert into CUSTOMER_CARD (CARDID,CARDNUMBER,HOLDERNAME,EXPIREDATE,SECURITYCODE,CUSTOMERID) values (69,'47439900100790','Jimmy V Baker',to_date('31-DEC-19','DD-MON-RR'),'585',15);
Insert into CUSTOMER_CARD (CARDID,CARDNUMBER,HOLDERNAME,EXPIREDATE,SECURITYCODE,CUSTOMERID) values (70,'35556500108190','Heather W Acosta',to_date('31-JAN-20','DD-MON-RR'),'465',16);
Insert into CUSTOMER_CARD (CARDID,CARDNUMBER,HOLDERNAME,EXPIREDATE,SECURITYCODE,CUSTOMERID) values (71,'30074500103935','Louis Martinez',to_date('31-MAR-21','DD-MON-RR'),'120',17);
Insert into CUSTOMER_CARD (CARDID,CARDNUMBER,HOLDERNAME,EXPIREDATE,SECURITYCODE,CUSTOMERID) values (72,'34141800100426','Helen R Lucas',to_date('30-JUN-20','DD-MON-RR'),'5798',18);
Insert into CUSTOMER_CARD (CARDID,CARDNUMBER,HOLDERNAME,EXPIREDATE,SECURITYCODE,CUSTOMERID) values (73,'54903300104000','Henry T Miller',to_date('31-JAN-20','DD-MON-RR'),'864',19);
Insert into CUSTOMER_CARD (CARDID,CARDNUMBER,HOLDERNAME,EXPIREDATE,SECURITYCODE,CUSTOMERID) values (74,'34563200106051','Henry W Hewitt',to_date('31-AUG-20','DD-MON-RR'),'525',20);
Insert into CUSTOMER_CARD (CARDID,CARDNUMBER,HOLDERNAME,EXPIREDATE,SECURITYCODE,CUSTOMERID) values (75,'35417400106251','Janet Alexander',to_date('31-MAY-19','DD-MON-RR'),'494',21);
Insert into CUSTOMER_CARD (CARDID,CARDNUMBER,HOLDERNAME,EXPIREDATE,SECURITYCODE,CUSTOMERID) values (76,'60115700110922','Jim X Ballard',to_date('31-DEC-19','DD-MON-RR'),'56',22);
Insert into CUSTOMER_CARD (CARDID,CARDNUMBER,HOLDERNAME,EXPIREDATE,SECURITYCODE,CUSTOMERID) values (77,'60112700103502','Howard X Nelson',to_date('30-SEP-19','DD-MON-RR'),'469',23);
Insert into CUSTOMER_CARD (CARDID,CARDNUMBER,HOLDERNAME,EXPIREDATE,SECURITYCODE,CUSTOMERID) values (78,'46640600108409','Eleanor Callahan',to_date('30-SEP-19','DD-MON-RR'),'22',24);
Insert into CUSTOMER_CARD (CARDID,CARDNUMBER,HOLDERNAME,EXPIREDATE,SECURITYCODE,CUSTOMERID) values (79,'36110600106532','Lillian M Green',to_date('30-JUN-20','DD-MON-RR'),'851',25);
Insert into CUSTOMER_CARD (CARDID,CARDNUMBER,HOLDERNAME,EXPIREDATE,SECURITYCODE,CUSTOMERID) values (80,'30179000103101','Judith I Rollins',to_date('30-NOV-20','DD-MON-RR'),'583',26);
Insert into CUSTOMER_CARD (CARDID,CARDNUMBER,HOLDERNAME,EXPIREDATE,SECURITYCODE,CUSTOMERID) values (81,'35878000105279','Jeffrey J Barnes',to_date('31-MAR-22','DD-MON-RR'),'337',27);
Insert into CUSTOMER_CARD (CARDID,CARDNUMBER,HOLDERNAME,EXPIREDATE,SECURITYCODE,CUSTOMERID) values (82,'53964300110623','Victor J Mercado',to_date('31-JUL-21','DD-MON-RR'),'591',28);
Insert into CUSTOMER_CARD (CARDID,CARDNUMBER,HOLDERNAME,EXPIREDATE,SECURITYCODE,CUSTOMERID) values (83,'44274600103025','Justin Y Coleman',to_date('28-FEB-19','DD-MON-RR'),'807',29);
Insert into CUSTOMER_CARD (CARDID,CARDNUMBER,HOLDERNAME,EXPIREDATE,SECURITYCODE,CUSTOMERID) values (84,'34528400100195','Heather Wong',to_date('31-DEC-20','DD-MON-RR'),'6812',30);
Insert into CUSTOMER_CARD (CARDID,CARDNUMBER,HOLDERNAME,EXPIREDATE,SECURITYCODE,CUSTOMERID) values (85,'60111800100393','Marilyn E Coleman',to_date('31-MAY-22','DD-MON-RR'),'294',31);
Insert into CUSTOMER_CARD (CARDID,CARDNUMBER,HOLDERNAME,EXPIREDATE,SECURITYCODE,CUSTOMERID) values (86,'52771700109547','Grace D Sparks',to_date('31-MAR-21','DD-MON-RR'),'76',32);
Insert into CUSTOMER_CARD (CARDID,CARDNUMBER,HOLDERNAME,EXPIREDATE,SECURITYCODE,CUSTOMERID) values (87,'60118000105085','Donna A Rodriguez',to_date('30-APR-19','DD-MON-RR'),'545',33);
Insert into CUSTOMER_CARD (CARDID,CARDNUMBER,HOLDERNAME,EXPIREDATE,SECURITYCODE,CUSTOMERID) values (88,'52395100103842','Anita O Brennan',to_date('31-JAN-22','DD-MON-RR'),'862',34);
Insert into CUSTOMER_CARD (CARDID,CARDNUMBER,HOLDERNAME,EXPIREDATE,SECURITYCODE,CUSTOMERID) values (89,'43919100101086','Jack Foster',to_date('31-JUL-19','DD-MON-RR'),'717',35);
Insert into CUSTOMER_CARD (CARDID,CARDNUMBER,HOLDERNAME,EXPIREDATE,SECURITYCODE,CUSTOMERID) values (90,'52277400106986','Arthur Hines',to_date('31-JUL-22','DD-MON-RR'),'374',36);
Insert into CUSTOMER_CARD (CARDID,CARDNUMBER,HOLDERNAME,EXPIREDATE,SECURITYCODE,CUSTOMERID) values (91,'30303900106632','Diane R Ross',to_date('30-APR-19','DD-MON-RR'),'937',37);
Insert into CUSTOMER_CARD (CARDID,CARDNUMBER,HOLDERNAME,EXPIREDATE,SECURITYCODE,CUSTOMERID) values (92,'35431800106712','Leonard K Browning',to_date('31-OCT-22','DD-MON-RR'),'380',38);
Insert into CUSTOMER_CARD (CARDID,CARDNUMBER,HOLDERNAME,EXPIREDATE,SECURITYCODE,CUSTOMERID) values (93,'54780700107428','Nancy C Cox',to_date('31-DEC-21','DD-MON-RR'),'756',39);
Insert into CUSTOMER_CARD (CARDID,CARDNUMBER,HOLDERNAME,EXPIREDATE,SECURITYCODE,CUSTOMERID) values (94,'52008200110180','Howard R Bernard',to_date('30-NOV-21','DD-MON-RR'),'435',40);
Insert into CUSTOMER_CARD (CARDID,CARDNUMBER,HOLDERNAME,EXPIREDATE,SECURITYCODE,CUSTOMERID) values (95,'53149800101835','Phyllis H Johnson',to_date('31-MAR-21','DD-MON-RR'),'614',41);
Insert into CUSTOMER_CARD (CARDID,CARDNUMBER,HOLDERNAME,EXPIREDATE,SECURITYCODE,CUSTOMERID) values (96,'60117800106038','Diane Carroll',to_date('30-JUN-19','DD-MON-RR'),'619',42);
Insert into CUSTOMER_CARD (CARDID,CARDNUMBER,HOLDERNAME,EXPIREDATE,SECURITYCODE,CUSTOMERID) values (97,'44291900106356','Stephen H Ramirez',to_date('31-AUG-21','DD-MON-RR'),'432',43);
Insert into CUSTOMER_CARD (CARDID,CARDNUMBER,HOLDERNAME,EXPIREDATE,SECURITYCODE,CUSTOMERID) values (98,'30940000106791','Alicia S Crawford',to_date('31-MAR-19','DD-MON-RR'),'106',44);
Insert into CUSTOMER_CARD (CARDID,CARDNUMBER,HOLDERNAME,EXPIREDATE,SECURITYCODE,CUSTOMERID) values (99,'53602800106683','Anthony C Sanchez',to_date('30-JUN-20','DD-MON-RR'),'0',45);
Insert into CUSTOMER_CARD (CARDID,CARDNUMBER,HOLDERNAME,EXPIREDATE,SECURITYCODE,CUSTOMERID) values (100,'35470700104059','Jennifer K Potts',to_date('30-SEP-22','DD-MON-RR'),'740',46);
Insert into CUSTOMER_CARD (CARDID,CARDNUMBER,HOLDERNAME,EXPIREDATE,SECURITYCODE,CUSTOMERID) values (101,'46678500105435','Rachel V Jenkins',to_date('30-SEP-19','DD-MON-RR'),'472',47);
Insert into CUSTOMER_CARD (CARDID,CARDNUMBER,HOLDERNAME,EXPIREDATE,SECURITYCODE,CUSTOMERID) values (102,'37452100105404','Howard C Dunlap',to_date('30-JUN-19','DD-MON-RR'),'7937',48);
Insert into CUSTOMER_CARD (CARDID,CARDNUMBER,HOLDERNAME,EXPIREDATE,SECURITYCODE,CUSTOMERID) values (103,'64802000103945','Brenda D Peterson',to_date('30-SEP-20','DD-MON-RR'),'689',1);
Insert into CUSTOMER_CARD (CARDID,CARDNUMBER,HOLDERNAME,EXPIREDATE,SECURITYCODE,CUSTOMERID) values (106,'24738574857485','Kieu Nguyen',to_date('31-JAN-18','DD-MON-RR'),'2434',5);
Insert into CUSTOMER_CARD (CARDID,CARDNUMBER,HOLDERNAME,EXPIREDATE,SECURITYCODE,CUSTOMERID) values (108,'928765467892334','Muphy Bombo',to_date('28-FEB-18','DD-MON-RR'),'3445',4);
Insert into CUSTOMER_CARD (CARDID,CARDNUMBER,HOLDERNAME,EXPIREDATE,SECURITYCODE,CUSTOMERID) values (110,'123456789078','Young Soul',to_date('28-FEB-18','DD-MON-RR'),'23234',6);
Insert into CUSTOMER_CARD (CARDID,CARDNUMBER,HOLDERNAME,EXPIREDATE,SECURITYCODE,CUSTOMERID) values (112,'3054869578678','Teen Teen',to_date('30-SEP-18','DD-MON-RR'),'2456',6);
Insert into CUSTOMER_CARD (CARDID,CARDNUMBER,HOLDERNAME,EXPIREDATE,SECURITYCODE,CUSTOMERID) values (113,'4567890098723','Michelle Pham',to_date('30-SEP-19','DD-MON-RR'),'2468',45);










/
REM INSERTING into BOOK
SET DEFINE OFF;
Insert into BOOK (ID,NAME,HARDCOVERPATH,ISBN_10,PUBLISHERID,CATEGORYID,ISBN_13,PRICE,DESCRIPTION,PAGE,DELETEFLAG,QTYINSTOCK) values (41,'Java and Algorithmic Thinking for the Complete Beginner: Learn to Think Like a Programmer','B01CGQNPWK.jpg','B01CGQNPWK',16,8,'B01CGQNPWK',41.99,'This book is for anyone who wants to learn computer programming and knows absolutely nothing about it. Of course, if you are wondering whether this book is going to teach you how to create amazing applets or incredible desktop or mobile applications, the answer is "no"¿that is a job for other books. So many books out there can teach you those skills in Java, C++, or C#. Many of them even claim that they can teach you in 24 hours! Don¿t laugh! They probably can do that, but all of them take one thing for ',813,null,4);
Insert into BOOK (ID,NAME,HARDCOVERPATH,ISBN_10,PUBLISHERID,CATEGORYID,ISBN_13,PRICE,DESCRIPTION,PAGE,DELETEFLAG,QTYINSTOCK) values (11,'Dear Zoo: A Lift-the-Flap Book','dearzoo.jpg','141694737X',31,5,'978-1416947370',55.05,'Rod Campbell''s classic lift-the-flap book Dear Zoo has been a firm favorite with toddlers and parents alike ever since it was first published in 1982.

Young readers love lifting the flaps to discover the animals the zoo has sent-a monkey, a lion, and even an elephant! But will they ever find the perfect pet?',18,null,1);
Insert into BOOK (ID,NAME,HARDCOVERPATH,ISBN_10,PUBLISHERID,CATEGORYID,ISBN_13,PRICE,DESCRIPTION,PAGE,DELETEFLAG,QTYINSTOCK) values (13,'The Pout-Pout Fish','poutpoutfish.jpg','0374360979',21,5,'978-0374360979',5.79,'A NEW YORK TIMES BEST SELLER
Deep in the water,
Mr. Fish swims about
With his fish face stuck
In a permanent pout.
Can his pals cheer him up?
Will his pout ever end?
Is there something he can learn
From an unexpected friend?
Swim along with the pout-pout fish as he discovers that being glum and spreading "dreary wearies" isn''t really his destiny. Bright ocean colors and playful rhyme come together in Deborah Diesen''s fun fish story that''s sure to turn even the poutiest of frowns upside down.',34,null,3);
Insert into BOOK (ID,NAME,HARDCOVERPATH,ISBN_10,PUBLISHERID,CATEGORYID,ISBN_13,PRICE,DESCRIPTION,PAGE,DELETEFLAG,QTYINSTOCK) values (15,'The Wonderful Things You Will Be','thewonderfulthings.jpg','0385376715',23,5,'978-0385376716',14.83,'From brave and bold to creative and clever, Emily Winfield Martin''s rhythmic rhyme expresses all the loving things that parents think of when they look at their children. With beautiful, and sometimes humorous, illustrations, and a clever gatefold with kids in costumes, this is a book grown-ups will love reading over and over to kids—both young and old. A great gift for any occasion, but a special stand-out for baby showers, birthdays, and graduation. The Wonderful Things You Will Be has a loving and truthful message that will endure for lifetimes.',36,null,4);
Insert into BOOK (ID,NAME,HARDCOVERPATH,ISBN_10,PUBLISHERID,CATEGORYID,ISBN_13,PRICE,DESCRIPTION,PAGE,DELETEFLAG,QTYINSTOCK) values (19,'Making a Difference: Teaching Kindness, Character and Purpose','makingadifference.jpg','1633535983',28,5,'978-1633535985',11.7,'Kindness, courtesy, respect and purpose: Through positive and motivating text, Making a Difference assures children that they are important, and that what they do matters. Boost your child''s confidence and sense of purpose as you read and affirm that their hopeful thoughts, kind words and good choices can make a difference to themselves and others. Making a Difference is a book that can help build social skills and character, teach life lessons to your children, and put them on a pathway to kindness, courtesy, respect, and purpose.
Make the world a better place: Beautiful hand-drawn illustrations accompany Cheri''s purposeful storytelling as she shows us once again how children can help to make the world a better place. Back pages include discussion questions, scenarios, games and role-play activities that help adults reinforce the book’s positive message.',48,null,3);
Insert into BOOK (ID,NAME,HARDCOVERPATH,ISBN_10,PUBLISHERID,CATEGORYID,ISBN_13,PRICE,DESCRIPTION,PAGE,DELETEFLAG,QTYINSTOCK) values (20,'Are You My Mother? (Bright & Early Board Books(TM))','areyoumymother.jpg','0679890475',29,5,'978-0679890478',3.59,'A baby bird goes in search of his mother in this hilarious Beginner Book edited by Dr. Seuss. When a mother bird’s egg starts to jump, she hurries off to make sure she has something for her little one to eat. But as soon as she’s gone, out pops the baby bird. He immediately sets off to find his mother, but not knowing what she looks like makes it a challenge. The little hatchling is determined to find his mother, even after meeting a kitten, a hen, a dog, and a Snort. The timeless message of the bond between',12,null,0);
Insert into BOOK (ID,NAME,HARDCOVERPATH,ISBN_10,PUBLISHERID,CATEGORYID,ISBN_13,PRICE,DESCRIPTION,PAGE,DELETEFLAG,QTYINSTOCK) values (21,'Goodnight Moon','goodnight.jpg','0694003611',30,5,'978-0694003617',6.19,'Share this timeless classic with a new generation of readers!
In a great green room, tucked away in bed, is a little bunny. "Goodnight room, goodnight moon." And to all the familiar things in the softly lit room—to the picture of the three little bears sitting on chairs, to the clocks and his socks, to the mittens and the kittens, to everything one by one—the little bunny says goodnight.
In this classic of children''s literature, beloved by generations of readers and listeners, the quiet poetry of the words and the gentle, lulling illustrations combine to make a perfect book for the end of the day.',30,null,2);
Insert into BOOK (ID,NAME,HARDCOVERPATH,ISBN_10,PUBLISHERID,CATEGORYID,ISBN_13,PRICE,DESCRIPTION,PAGE,DELETEFLAG,QTYINSTOCK) values (26,'Your Fantastic Elastic Brain: Stretch It, Shape It','fantasticelasticbrain.jpg','0982993803',36,5,'978-0982993804',12.66,'Just like how lifting weights helps your muscles get stronger, trying new things without giving up strengthens your brain. 
Written by an educator and psychologist, this fun and engaging introduction to the anatomy and functions of the brain will empower each young reader to S-T-R-E-T-C-H and grow their fantastic, elastic brain!',32,null,2);
Insert into BOOK (ID,NAME,HARDCOVERPATH,ISBN_10,PUBLISHERID,CATEGORYID,ISBN_13,PRICE,DESCRIPTION,PAGE,DELETEFLAG,QTYINSTOCK) values (27,'Shark Lady: The True Story of How Eugenie Clark Became the Oceans Most Fearless Scientist','sharklady.jpg','1492642045',37,5,'978-1492642046',10.78,'This is the story of a woman who dared to dive, defy, discover, and inspire. This is the story of Shark Lady. 
Eugenie Clark fell in love with sharks from the first moment she saw them at the aquarium. She couldn''t imagine anything more exciting than studying these graceful creatures. But Eugenie quickly discovered that many people believed sharks to be ugly and scary?and they didn''t think women should be scientists. ',40,null,2);
Insert into BOOK (ID,NAME,HARDCOVERPATH,ISBN_10,PUBLISHERID,CATEGORYID,ISBN_13,PRICE,DESCRIPTION,PAGE,DELETEFLAG,QTYINSTOCK) values (29,'Murachs Java Programming (5th Edition)','MurachJavaProgramming.jpg','1943872074',2,8,'978-1943872077',55.74,'This is the 5th edition of Murach''s classic Java book that''s trained thousands of developers in the last 15 years. Now fully updated to Java 9, this book helps any programmer learn Java faster and better than ever before:
It''s the one Java book that presents object-oriented features like inheritance, interfaces, and polymorphism in a way that''s both understandable and useful in the real world.
It offers new coverage of JavaFX, the date/time API, lambdas, and working with SQLite databases.',800,null,3);
Insert into BOOK (ID,NAME,HARDCOVERPATH,ISBN_10,PUBLISHERID,CATEGORYID,ISBN_13,PRICE,DESCRIPTION,PAGE,DELETEFLAG,QTYINSTOCK) values (31,'Java: A Beginner Guide, Seventh Edition','javaabeginner.jpg','1259589315',4,8,'978-1259589317',25.43,'Supplement for key JDK 10 new features available from book''s Downloads & Resources page at OraclePressBooks.com.
Fully updated for Java Platform, Standard Edition 9 (Java SE 9), Java: A Beginner’s Guide, Seventh Edition, gets you started programming in Java right away. Bestselling programming author Herb Schildt begins with the basics, such as how to create, compile, and run a Java program. He then moves on to the keywords, syntax, and constructs that form the core of the Java language. The book also covers some of Java’s more advanced features, including multithreaded programming, generics, lambda expressions, Swing, and JavaFX. This practical Oracle Press guide features details on Java SE 9’s innovative new module system, and, as an added bonus, it includes an introduction to JShell, Java’s new interactive programming tool.',752,null,3);
Insert into BOOK (ID,NAME,HARDCOVERPATH,ISBN_10,PUBLISHERID,CATEGORYID,ISBN_13,PRICE,DESCRIPTION,PAGE,DELETEFLAG,QTYINSTOCK) values (32,'Java: The Complete Reference, Tenth Edition (Complete Reference Series)','javacompletereference.jpg','1259589331',4,8,'978-1259589331',38.72,'Fully updated for Java SE 9, Java: The Complete Reference, Tenth Edition explains how to develop, compile, debug, and run Java programs. Bestselling programming author Herb Schildt covers the entire Java language, including its syntax, keywords, and fundamental programming principles. You''ll also find information on key portions of the Java API library, such as I/O, the Collections Framework, the stream library, and the concurrency utilities. Swing, JavaFX, JavaBeans, and servlets are examined and numerous examples demonstrate Java in action. Of course, the new module system added by Java SE 9 is discussed in detail. This Oracle Press resource also offers an introduction to JShell, Java’s new interactive programming tool.',1344,null,null);
Insert into BOOK (ID,NAME,HARDCOVERPATH,ISBN_10,PUBLISHERID,CATEGORYID,ISBN_13,PRICE,DESCRIPTION,PAGE,DELETEFLAG,QTYINSTOCK) values (33,'Head First Java, 2nd Edition','headfirstjava.jpg','0596009208',6,8,'978-0596009205',15.26,'Learning a complex new language is no easy task especially when it s an object-oriented computer programming language like Java. You might think the problem is your brain. It seems to have a mind of its own, a mind that doesn''t always want to take in the dry, technical stuff you''re forced to study. 

The fact is your brain craves novelty. It''s constantly searching, scanning, waiting for something unusual to happen. After all, that''s the way it was built to help you stay alive. It takes all the routine, ordinary, dull stuff and filters it to the background so it won''t interfere with your brain''s real work--recording things that matter. How does your brain know what matters? It''s like the creators of the Head First approach say, suppose you''re out for a hike and a tiger jumps in front of you, what happens in your brain? Neurons fire. Emotions crank up. Chemicals surge. ',688,null,2);
Insert into BOOK (ID,NAME,HARDCOVERPATH,ISBN_10,PUBLISHERID,CATEGORYID,ISBN_13,PRICE,DESCRIPTION,PAGE,DELETEFLAG,QTYINSTOCK) values (35,'Java All-in-One For Dummies (For Dummies (Computers))','javaallinone.jpg','1119247799',10,8,'978-1119247791',18.49,'If you''ve always wanted to program with Java but didn''t know where to start, this will be the java-stained reference you''ll turn to again and again. Fully updated for the JDK 9, this deep reference on the world''s most popular programming language is the perfect starting point for building things with Java—and an invaluable ongoing reference as you continue to deepen your knowledge.',960,null,null);
Insert into BOOK (ID,NAME,HARDCOVERPATH,ISBN_10,PUBLISHERID,CATEGORYID,ISBN_13,PRICE,DESCRIPTION,PAGE,DELETEFLAG,QTYINSTOCK) values (36,'Core Java Volume I--Fundamentals (10th Edition) (Core Series)Jan 1, 2016','corejava10th.jpg','0134177304',1,8,'978-0134177304',18.49,'Core Java® has long been recognized as the leading, no-nonsense tutorial and reference for experienced programmers who want to write robust Java code for real-world applications. Now, Core Java®, Volume I–Fundamentals, Tenth Edition, has been extensively updated to reflect the most eagerly awaited and innovative version of Java in years: Java SE 8. Rewritten and reorganized to illuminate new Java SE 8 features, idioms, and best practices, it contains hundreds of example programs–all carefully crafted for easy understanding and practical ',1040,null,null);
Insert into BOOK (ID,NAME,HARDCOVERPATH,ISBN_10,PUBLISHERID,CATEGORYID,ISBN_13,PRICE,DESCRIPTION,PAGE,DELETEFLAG,QTYINSTOCK) values (38,'Data Structures and Algorithms in Java (2nd Edition)','datastructurejava.jpg','0672324539',13,8,'978-0672324536',11.61,'Data Structures and Algorithms in Java, Second Edition is designed to be easy to read and understand although the topic itself is complicated. Algorithms are the procedures that software programs use to manipulate data structures. Besides clear and simple example programs, the author includes a workshop as a small demonstration program executable on a Web browser. The programs demonstrate in graphical form what data structures look like and how they operate. In the second edition, the program is rewritten to improve operation and clarify the algorithms, the example programs are revised to work with the latest version of the Java JDK, and questions and exercises will be added at the end of each chapter making the book more useful to readers.',800,null,2);
Insert into BOOK (ID,NAME,HARDCOVERPATH,ISBN_10,PUBLISHERID,CATEGORYID,ISBN_13,PRICE,DESCRIPTION,PAGE,DELETEFLAG,QTYINSTOCK) values (39,'OCA / OCP Java SE 8 Programmer Certification Kit: Exam 1Z0-808 and Exam 1Z0-809','ocaocpjavase8.jpg','1119272092',14,8,'978-1119272090',57.89,'Your complete certification guide on the path to Oracle Java SE
The Oracle Java SE Certification track now consists of three levels – Associate (OCA), Professional (OCP), and Master (OCM). This valuable kit helps you attain success at the OCA and OCP levels, providing clarification of the complex material along with plenty of practice that covers all exam objectives.',1152,null,null);
Insert into BOOK (ID,NAME,HARDCOVERPATH,ISBN_10,PUBLISHERID,CATEGORYID,ISBN_13,PRICE,DESCRIPTION,PAGE,DELETEFLAG,QTYINSTOCK) values (40,'Introduction to Java Programming and Data Structures, Comprehensive Version (11th Edition)','javadatastructure.jpg','0134670949',15,8,'978-0134670942',35,'

A fundamentals-first introduction to basic programming concepts and techniques  
Designed to support an introductory programming course,  Introduction to Java Programming and Data Structures teaches you concepts of problem-solving and object-orientated programming using a fundamentals-first approach. Beginner programmers learn critical problem-solving techniques then move on to grasp the key concepts of object-oriented, GUI programming, data structures, and Web programming. This course approaches Java GUI programming using JavaFX, which has replaced Swing as the new GUI tool for developing cross-platform-rich Internet applications and is simpler to learn and use. The 11th edition has been completely revised to enhance clarity and presentation, and includes new and expanded content, examples, and exercises. ',1232,null,4);
Insert into BOOK (ID,NAME,HARDCOVERPATH,ISBN_10,PUBLISHERID,CATEGORYID,ISBN_13,PRICE,DESCRIPTION,PAGE,DELETEFLAG,QTYINSTOCK) values (42,'Java Data Analysis: Data mining, big data analysis, NoSQL, and data visualization','978-1787285651.jpg','1787285650',17,8,'978-1787285651',7.9,'Data analysis is a process of inspecting, cleansing, transforming, and modeling data with the aim of discovering useful information. Java is one of the most popular languages to perform your data analysis tasks.
This book will help you learn the tools and techniques in Java to conduct data analysis without any hassle. After getting a quick overview of what data science is and the steps involved in the process, you''ll learn the statistical data analysis techniques and implement them using the popular Java APIs and libraries. Through practical examples, you will also learn the machine learning concepts such as classification and regression.',412,0,4);
Insert into BOOK (ID,NAME,HARDCOVERPATH,ISBN_10,PUBLISHERID,CATEGORYID,ISBN_13,PRICE,DESCRIPTION,PAGE,DELETEFLAG,QTYINSTOCK) values (8,'Death Be Not Proud (P.S.)','978-0061230974.jpg','0061230979',26,13,'978-0061230974',7.8,'Johnny Gunther was only seventeen years old when he died of a brain tumor. During the months of his illness, everyone near him was unforgettably impressed by his level-headed courage, his wit and quiet friendliness, and, above all, his unfaltering patience through times of despair. This deeply moving book is a father''s memoir of a brave, intelligent, and spirited boy.',224,null,1);
Insert into BOOK (ID,NAME,HARDCOVERPATH,ISBN_10,PUBLISHERID,CATEGORYID,ISBN_13,PRICE,DESCRIPTION,PAGE,DELETEFLAG,QTYINSTOCK) values (14,'I Know Why the Caged Bird Sings','iknowwhythecagedbirdsings.jpg','345514408',22,2,'978-0345514400',6.36,'Here is a book as joyous and painful, as mysterious and memorable, as childhood itself. I Know Why the Caged Bird Sings captures the longing of lonely children, the brute insult of bigotry, and the wonder of words that can make the world right. Maya Angelou’s debut memoir is a modern American classic beloved worldwide.',304,null,2);
Insert into BOOK (ID,NAME,HARDCOVERPATH,ISBN_10,PUBLISHERID,CATEGORYID,ISBN_13,PRICE,DESCRIPTION,PAGE,DELETEFLAG,QTYINSTOCK) values (17,'Book of the Law',' 978-0877283348.jpg','877283346',26,16,' 978-0877283348',15,'Do what thou wilt shall be the whole of the Law. This oft-misunderstood phrase, which forms the basis for Crowley''s practice of Magick, is found in The Book of the Law. Dictated to Crowley in Cairo between noon and 1:00p.m. on three successive days in April 1904, The Book of the Law is the source book and key for Crowley students and for the occult in general. The holy text that forms the basis of Crowley''s belief system, Thelema, was transmitted to him by the entity known as Aiwass over the course of three fateful April days in 1904. With his wife Rose as the medium for what would become known as the Cairo Working, Crowley dutifully transcribed the communications on hotel stationery. This work contains the corrected text of the 1938 edition with a facsimile of the handwritten manuscript.',200,null,5);
Insert into BOOK (ID,NAME,HARDCOVERPATH,ISBN_10,PUBLISHERID,CATEGORYID,ISBN_13,PRICE,DESCRIPTION,PAGE,DELETEFLAG,QTYINSTOCK) values (22,'Unglued: Making Wise Choices in the Midst of Raw Emotions','unglue.jpg','718093046',22,5,'978-0718093044',8.99,'God gave us emotions to experience life, not destroy it! Lysa TerKeurst admits that she, like most women, has had experiences where others bump into her happy and she comes emotionally unglued. We stuff, we explode, or we react somewhere in between. What do we do with these raw emotions? Is it really possible to make emotions work for us instead of against us? Yes, and in her usual inspiring and practical way, Lysa will show you how. Filled with gut-honest personal examples and biblical teaching, ',64,null,1);
Insert into BOOK (ID,NAME,HARDCOVERPATH,ISBN_10,PUBLISHERID,CATEGORYID,ISBN_13,PRICE,DESCRIPTION,PAGE,DELETEFLAG,QTYINSTOCK) values (24,'The Russia Hoax: The Illicit Scheme to Clear Hillary Clinton and Frame Donald Trump','russia.jpg','62872745',31,14,'978-0062872746',4.71,'Fox News legal analyst Gregg Jarrett reveals the real story behind Hillary Clinton’s deep state collaborators in government and exposes their nefarious actions during and after the 2016 election.The Russia Hoax reveals how persons within the FBI and Barack Obama’s Justice Department worked improperly to help elect Hillary Clinton and defeat Donald Trump in the 2016 presidential election. When this suspected effort failed, those same people appear to have pursued a contrived investigation of President Trump in an attempt to undo the election results and remove him as president.',352,null,2);
Insert into BOOK (ID,NAME,HARDCOVERPATH,ISBN_10,PUBLISHERID,CATEGORYID,ISBN_13,PRICE,DESCRIPTION,PAGE,DELETEFLAG,QTYINSTOCK) values (28,'A Merciful Death (Mercy Kilpatrick Book 1)','988-0135166307.jpg','B01EN506CO',1,25,'988-0135166307',15.6,'FBI special agent Mercy Kilpatrick has been waiting her whole life for disaster to strike. A prepper since childhood, Mercy grew up living off the land¿and off the grid¿in rural Eagle¿s Nest, Oregon. Until a shocking tragedy tore her family apart and forced her to leave home. Now a predator known as the cave man is targeting the survivalists in her hometown, murdering them in their homes, stealing huge numbers of weapons, and creating federal suspicion of a possible domestic terrorism event',928,null,4);
Insert into BOOK (ID,NAME,HARDCOVERPATH,ISBN_10,PUBLISHERID,CATEGORYID,ISBN_13,PRICE,DESCRIPTION,PAGE,DELETEFLAG,QTYINSTOCK) values (1,'ABCs for Boys (Alphabet Book, Baby Book, Childrens Book, Toddler Book)','abcforboys.jpg','0692568409',19,5,'978-0692568408',10.8,'This one of a kind, hand illustrated alphabet book combines letters with all of boys favorite things airplanes, dump trucks, and more! Makes a special baby shower, birth, and birthday gift! Perfect for kids ages 0-5.',32,null,null);
Insert into BOOK (ID,NAME,HARDCOVERPATH,ISBN_10,PUBLISHERID,CATEGORYID,ISBN_13,PRICE,DESCRIPTION,PAGE,DELETEFLAG,QTYINSTOCK) values (2,'Giraffes Cant Dance','giraffes.jpg','0545392551',20,5,'978-0545392556',5.06,'Giraffes Can''t Dance is a touching tale of Gerald the giraffe, who wants nothing more than to dance. With crooked knees and thin legs, it''s harder for a giraffe than you would think. Gerald is finally able to dance to his own tune when he gets some encouraging words from an unlikely friend.

With light-footed rhymes and high-stepping illustrations, this tale is gentle inspiration for every child with dreams of greatness.',32,null,3);
Insert into BOOK (ID,NAME,HARDCOVERPATH,ISBN_10,PUBLISHERID,CATEGORYID,ISBN_13,PRICE,DESCRIPTION,PAGE,DELETEFLAG,QTYINSTOCK) values (3,'Where the Wild Things Are','wherethewildthingsare.jpg','0064431789',22,5,'978-0064431781',6.36,'Where the Wild Things Are is fifty years old! Maurice Sendak''s Caldecott Medal-winning picture book has become one of the most highly acclaimed and best-loved children''s books of all time. A must for every child''s bookshelf.
Introduce a new generation to Max''s imaginative journey with this special anniversary edition. Let the wild rumpus continue as this classic comes to life like never before with new reproductions of Maurice Sendak''s artwork.
Astonishing state-of-the-art technology faithfully captures the color and detail of the original illustrations. Sendak himself enthusiastically endorsed this impressive new interpretation of his art before his death in 2012. This iconic story has inspired a movie, an opera, and the imagination of generations.',48,null,5);
Insert into BOOK (ID,NAME,HARDCOVERPATH,ISBN_10,PUBLISHERID,CATEGORYID,ISBN_13,PRICE,DESCRIPTION,PAGE,DELETEFLAG,QTYINSTOCK) values (4,'The Very Hungry Caterpillar','veryhungrycaterpillar.jpg','0399226907',26,5,'978-0399226908',6.59,'THE all-time classic picture book, from generation to generation, sold somewhere in the world every 30 seconds! Have you shared it with a child or grandchild in your life?

Including a special feature, dye cuts, this beautiful board book edition, perfect for teaching the days of the week, offers readers an interactive experience. ',26,null,4);
Insert into BOOK (ID,NAME,HARDCOVERPATH,ISBN_10,PUBLISHERID,CATEGORYID,ISBN_13,PRICE,DESCRIPTION,PAGE,DELETEFLAG,QTYINSTOCK) values (5,'Willa of the Wood','willawoodrebert.jpg','1368005845',27,5,'978-1368005845',10.19,'To Willa, a young night-spirit, humans are the murderers of trees. She''s been taught to despise them and steal from them. She''s her clan''s best thief, creeping into the log cabins of the day-folk under cover of darkness and taking what they won''t miss. It''s dangerous work, but Willa will do anything to win the approval of the padaran, the charismatic leader of the Faeran people.',384,null,2);
Insert into BOOK (ID,NAME,HARDCOVERPATH,ISBN_10,PUBLISHERID,CATEGORYID,ISBN_13,PRICE,DESCRIPTION,PAGE,DELETEFLAG,QTYINSTOCK) values (6,'Snow Bunny the Deer: An Endearing Childrens Animal Picture BookJun 1, 2018','snowbunny.jpg','0692858024',18,5,'978-0692858028',12.14,'Snow Bunny the Deer: An Endearing Childrens Animal Picture BookJun 1, 2018',32,null,null);
Insert into BOOK (ID,NAME,HARDCOVERPATH,ISBN_10,PUBLISHERID,CATEGORYID,ISBN_13,PRICE,DESCRIPTION,PAGE,DELETEFLAG,QTYINSTOCK) values (7,'Measure What Matters: How Google, Bono, and the Gates Foundation','measure.jpg','525536221',22,3,'978-0525536222',16.2,'Legendary venture capitalist John Doerr reveals how the goal-setting system of Objectives and Key Results (OKRs) has helped tech giants from Intel to Google achieve explosive growth—and how it can help any organization thrive. ',320,null,4);
Insert into BOOK (ID,NAME,HARDCOVERPATH,ISBN_10,PUBLISHERID,CATEGORYID,ISBN_13,PRICE,DESCRIPTION,PAGE,DELETEFLAG,QTYINSTOCK) values (9,'The South Beach Diet: The Delicious, Doctor-Designed','thesouthbeachdiet.jpg','312991193A',27,9,'978-0312991197',10.4,'For years, cardiologist Arthur Agatston, M.D., urged his patients to lose weight for the sake of their hearts, but every diet was too hard to follow or its restrictions were too harsh. Some were downright dangerous. Nobody seemed to be able to stick with low-fat regimens for any length of time. And a diet is useless if you can''t stick with it',384,null,2);
Insert into BOOK (ID,NAME,HARDCOVERPATH,ISBN_10,PUBLISHERID,CATEGORYID,ISBN_13,PRICE,DESCRIPTION,PAGE,DELETEFLAG,QTYINSTOCK) values (10,'The Giving Tree','thegivingtree.jpg',null,22,5,'B00DB2QZPI',8.99,'The Giving Tree, a story of unforgettable perception, beautifully written and illustrated by the gifted and versatile Shel Silverstein, has been a classic favorite for generations.',64,null,3);
Insert into BOOK (ID,NAME,HARDCOVERPATH,ISBN_10,PUBLISHERID,CATEGORYID,ISBN_13,PRICE,DESCRIPTION,PAGE,DELETEFLAG,QTYINSTOCK) values (12,'The Da Vinci Code','davincicode.jpg','307474275',18,2,'978-0307474278',12.14,'As millions of readers around the globe have already discovered, The Da Vinci Code is a reading experience unlike any other. Simultaneously lightning-paced, intelligent, and intricately layered with remarkable research and detail, Dan Brown''s novel is a thrilling masterpiece—from its opening pages to its stunning conclusion.',597,null,4);
Insert into BOOK (ID,NAME,HARDCOVERPATH,ISBN_10,PUBLISHERID,CATEGORYID,ISBN_13,PRICE,DESCRIPTION,PAGE,DELETEFLAG,QTYINSTOCK) values (16,'Brown Bear, Brown Bear, What Do You See?','brownbear.jpg','0805047905',25,5,'978-0805047905',7.34,'A big happy frog, a plump purple cat, a handsome blue horse, and a soft yellow duck--all parade across the pages of this delightful book. Children will immediately respond to Eric Carle''s flat, boldly colored collages. Combined with Bill Martin''s singsong text, they create unforgettable images of these endearing animals.',28,null,2);
Insert into BOOK (ID,NAME,HARDCOVERPATH,ISBN_10,PUBLISHERID,CATEGORYID,ISBN_13,PRICE,DESCRIPTION,PAGE,DELETEFLAG,QTYINSTOCK) values (18,'Bankruptcy (Quick Study Law)','bankcruptcy.jpg','1423205758',27,16,'978-1423205753',10.19,'The series that BarCharts was built upon. For those in law school facing loads of information that culminates in the Bar Exam.',384,null,null);
Insert into BOOK (ID,NAME,HARDCOVERPATH,ISBN_10,PUBLISHERID,CATEGORYID,ISBN_13,PRICE,DESCRIPTION,PAGE,DELETEFLAG,QTYINSTOCK) values (23,'The Rainbow Fish','therainbowfish.jpg','1558580093',33,5,'978-1558580091',13.79,'The Rainbow Fish is a very elusive resident of Lake Willington. Will the two boys outwit this ancient fish ... or will it have them second guessing for the rest of their days?',32,null,0);
Insert into BOOK (ID,NAME,HARDCOVERPATH,ISBN_10,PUBLISHERID,CATEGORYID,ISBN_13,PRICE,DESCRIPTION,PAGE,DELETEFLAG,QTYINSTOCK) values (25,'Dr. Seuss s ABC: An Amazing Alphabet Book!','drseussabc.jpg','0679882812',23,5,'978-0679882817',3.34,'With Dr. Seuss as your guide, learning the alphabet is as easy as A, B, C.  ',24,null,4);
Insert into BOOK (ID,NAME,HARDCOVERPATH,ISBN_10,PUBLISHERID,CATEGORYID,ISBN_13,PRICE,DESCRIPTION,PAGE,DELETEFLAG,QTYINSTOCK) values (30,'Effective Java (3rd Edition)','EffectiveJava.jpg','0134685997',3,8,'978-0134685991',12.5,'The Definitive Guide to Java Platform Best Practices–Updated for Java 7, 8, and 9 

Java has changed dramatically since the previous edition of Effective Java was published shortly after the release of Java 6. This Jolt award-winning classic has now been thoroughly updated to take full advantage of the latest language and library features. The support in modern Java for multiple paradigms increases the need for specific best-practices advice, and this book delivers.',416,null,4);
Insert into BOOK (ID,NAME,HARDCOVERPATH,ISBN_10,PUBLISHERID,CATEGORYID,ISBN_13,PRICE,DESCRIPTION,PAGE,DELETEFLAG,QTYINSTOCK) values (34,'Learn Java in One Day and Learn It Well (Learn Coding Fast) (Volume 4)','learnjavainoneday.jpg','1539397831',8,8,'978-1539397830',11.67,'This Book Absolutely for Beginners:
Java Programming covers all essential Java knowledge. You can learn complete primary skills of Java fast and easily. The book includes more than 80 practical examples for beginners and includes 100 tests & answers for the college exam, the engineer certification exam, and the job interview exam. 
',234,null,0);
Insert into BOOK (ID,NAME,HARDCOVERPATH,ISBN_10,PUBLISHERID,CATEGORYID,ISBN_13,PRICE,DESCRIPTION,PAGE,DELETEFLAG,QTYINSTOCK) values (37,'How to Create Stunning Digital Photography','javaprogramming5th.jpg','988263408',2,1,'978-0988263406',55.74,'Stunning Digital Photography is much more than a book; it''s a hands-on, self-paced photography class with over 14 hours of online training videos and free help from the author and other readers. That''s why award-winning author and photographer Tony Northrup''s book is the #1 photography book with over 250,000 readers.',800,null,4);
REM INSERTING into BOOK_AUTHOR
SET DEFINE OFF;
Insert into BOOK_AUTHOR (BOOKID,AUTHORID) values (1,123);
Insert into BOOK_AUTHOR (BOOKID,AUTHORID) values (2,150);
Insert into BOOK_AUTHOR (BOOKID,AUTHORID) values (3,140);
Insert into BOOK_AUTHOR (BOOKID,AUTHORID) values (4,138);
Insert into BOOK_AUTHOR (BOOKID,AUTHORID) values (5,143);
Insert into BOOK_AUTHOR (BOOKID,AUTHORID) values (6,132);
Insert into BOOK_AUTHOR (BOOKID,AUTHORID) values (7,140);
Insert into BOOK_AUTHOR (BOOKID,AUTHORID) values (8,138);
Insert into BOOK_AUTHOR (BOOKID,AUTHORID) values (9,143);
Insert into BOOK_AUTHOR (BOOKID,AUTHORID) values (10,127);
Insert into BOOK_AUTHOR (BOOKID,AUTHORID) values (11,137);
Insert into BOOK_AUTHOR (BOOKID,AUTHORID) values (12,132);
Insert into BOOK_AUTHOR (BOOKID,AUTHORID) values (13,129);
Insert into BOOK_AUTHOR (BOOKID,AUTHORID) values (14,140);
Insert into BOOK_AUTHOR (BOOKID,AUTHORID) values (15,144);
Insert into BOOK_AUTHOR (BOOKID,AUTHORID) values (16,135);
Insert into BOOK_AUTHOR (BOOKID,AUTHORID) values (17,138);
Insert into BOOK_AUTHOR (BOOKID,AUTHORID) values (18,143);
Insert into BOOK_AUTHOR (BOOKID,AUTHORID) values (19,121);
Insert into BOOK_AUTHOR (BOOKID,AUTHORID) values (20,124);
Insert into BOOK_AUTHOR (BOOKID,AUTHORID) values (21,125);
Insert into BOOK_AUTHOR (BOOKID,AUTHORID) values (22,127);
Insert into BOOK_AUTHOR (BOOKID,AUTHORID) values (23,126);
Insert into BOOK_AUTHOR (BOOKID,AUTHORID) values (24,137);
Insert into BOOK_AUTHOR (BOOKID,AUTHORID) values (25,134);
Insert into BOOK_AUTHOR (BOOKID,AUTHORID) values (26,146);
Insert into BOOK_AUTHOR (BOOKID,AUTHORID) values (27,131);
Insert into BOOK_AUTHOR (BOOKID,AUTHORID) values (28,149);
Insert into BOOK_AUTHOR (BOOKID,AUTHORID) values (29,130);
Insert into BOOK_AUTHOR (BOOKID,AUTHORID) values (30,133);
Insert into BOOK_AUTHOR (BOOKID,AUTHORID) values (31,122);
Insert into BOOK_AUTHOR (BOOKID,AUTHORID) values (32,122);
Insert into BOOK_AUTHOR (BOOKID,AUTHORID) values (33,147);
Insert into BOOK_AUTHOR (BOOKID,AUTHORID) values (34,145);
Insert into BOOK_AUTHOR (BOOKID,AUTHORID) values (35,148);
Insert into BOOK_AUTHOR (BOOKID,AUTHORID) values (36,149);
Insert into BOOK_AUTHOR (BOOKID,AUTHORID) values (37,130);
Insert into BOOK_AUTHOR (BOOKID,AUTHORID) values (38,139);
Insert into BOOK_AUTHOR (BOOKID,AUTHORID) values (39,128);
Insert into BOOK_AUTHOR (BOOKID,AUTHORID) values (40,136);
Insert into BOOK_AUTHOR (BOOKID,AUTHORID) values (41,141);
Insert into BOOK_AUTHOR (BOOKID,AUTHORID) values (42,142);
REM INSERTING into INVENTORY
SET DEFINE OFF;
Insert into INVENTORY (BARCODE,BOOKID,ISAVAILABLE) values ('BST080313131310',1,0);
Insert into INVENTORY (BARCODE,BOOKID,ISAVAILABLE) values ('BST080313131313',2,1);
Insert into INVENTORY (BARCODE,BOOKID,ISAVAILABLE) values ('BST080313131316',3,1);
Insert into INVENTORY (BARCODE,BOOKID,ISAVAILABLE) values ('BST080313131319',4,1);
Insert into INVENTORY (BARCODE,BOOKID,ISAVAILABLE) values ('BST080313131322',5,1);
Insert into INVENTORY (BARCODE,BOOKID,ISAVAILABLE) values ('BST080313131325',6,0);
Insert into INVENTORY (BARCODE,BOOKID,ISAVAILABLE) values ('BST080313131328',7,1);
Insert into INVENTORY (BARCODE,BOOKID,ISAVAILABLE) values ('BST080313131331',8,1);
Insert into INVENTORY (BARCODE,BOOKID,ISAVAILABLE) values ('BST080313131334',9,1);
Insert into INVENTORY (BARCODE,BOOKID,ISAVAILABLE) values ('BST080313131337',10,1);
Insert into INVENTORY (BARCODE,BOOKID,ISAVAILABLE) values ('BST080313131340',11,0);
Insert into INVENTORY (BARCODE,BOOKID,ISAVAILABLE) values ('BST080313131343',12,1);
Insert into INVENTORY (BARCODE,BOOKID,ISAVAILABLE) values ('BST080313131346',13,1);
Insert into INVENTORY (BARCODE,BOOKID,ISAVAILABLE) values ('BST080313131349',14,1);
Insert into INVENTORY (BARCODE,BOOKID,ISAVAILABLE) values ('BST080313131352',15,1);
Insert into INVENTORY (BARCODE,BOOKID,ISAVAILABLE) values ('BST080313131355',16,1);
Insert into INVENTORY (BARCODE,BOOKID,ISAVAILABLE) values ('BST080313131358',17,1);
Insert into INVENTORY (BARCODE,BOOKID,ISAVAILABLE) values ('BST080313131361',18,0);
Insert into INVENTORY (BARCODE,BOOKID,ISAVAILABLE) values ('BST080313131364',19,1);
Insert into INVENTORY (BARCODE,BOOKID,ISAVAILABLE) values ('BST080313131367',20,0);
Insert into INVENTORY (BARCODE,BOOKID,ISAVAILABLE) values ('BST080313131370',21,1);
Insert into INVENTORY (BARCODE,BOOKID,ISAVAILABLE) values ('BST080313131373',22,1);
Insert into INVENTORY (BARCODE,BOOKID,ISAVAILABLE) values ('BST080313131376',23,0);
Insert into INVENTORY (BARCODE,BOOKID,ISAVAILABLE) values ('BST080313131379',24,1);
Insert into INVENTORY (BARCODE,BOOKID,ISAVAILABLE) values ('BST080313131382',25,1);
Insert into INVENTORY (BARCODE,BOOKID,ISAVAILABLE) values ('BST080313131385',26,1);
Insert into INVENTORY (BARCODE,BOOKID,ISAVAILABLE) values ('BST080313131388',27,1);
Insert into INVENTORY (BARCODE,BOOKID,ISAVAILABLE) values ('BST080313131391',28,1);
Insert into INVENTORY (BARCODE,BOOKID,ISAVAILABLE) values ('BST080313131394',29,1);
Insert into INVENTORY (BARCODE,BOOKID,ISAVAILABLE) values ('BST080313131397',30,1);
Insert into INVENTORY (BARCODE,BOOKID,ISAVAILABLE) values ('A080313152010',1,0);
Insert into INVENTORY (BARCODE,BOOKID,ISAVAILABLE) values ('A080313152013',2,0);
Insert into INVENTORY (BARCODE,BOOKID,ISAVAILABLE) values ('A080313152016',3,1);
Insert into INVENTORY (BARCODE,BOOKID,ISAVAILABLE) values ('A080313152019',4,0);
Insert into INVENTORY (BARCODE,BOOKID,ISAVAILABLE) values ('A080313152022',5,0);
Insert into INVENTORY (BARCODE,BOOKID,ISAVAILABLE) values ('A080313152025',6,0);
Insert into INVENTORY (BARCODE,BOOKID,ISAVAILABLE) values ('A080313152028',7,0);
Insert into INVENTORY (BARCODE,BOOKID,ISAVAILABLE) values ('A080313152031',8,0);
Insert into INVENTORY (BARCODE,BOOKID,ISAVAILABLE) values ('A080313152034',9,0);
Insert into INVENTORY (BARCODE,BOOKID,ISAVAILABLE) values ('A080313152037',10,1);
Insert into INVENTORY (BARCODE,BOOKID,ISAVAILABLE) values ('A080313152040',11,0);
Insert into INVENTORY (BARCODE,BOOKID,ISAVAILABLE) values ('A080313152043',12,1);
Insert into INVENTORY (BARCODE,BOOKID,ISAVAILABLE) values ('A080313152046',13,1);
Insert into INVENTORY (BARCODE,BOOKID,ISAVAILABLE) values ('A080313152049',14,1);
Insert into INVENTORY (BARCODE,BOOKID,ISAVAILABLE) values ('A080313152052',15,1);
Insert into INVENTORY (BARCODE,BOOKID,ISAVAILABLE) values ('A080313152055',16,1);
Insert into INVENTORY (BARCODE,BOOKID,ISAVAILABLE) values ('A080313152058',17,1);
Insert into INVENTORY (BARCODE,BOOKID,ISAVAILABLE) values ('A080313152061',18,0);
Insert into INVENTORY (BARCODE,BOOKID,ISAVAILABLE) values ('A080313152064',19,1);
Insert into INVENTORY (BARCODE,BOOKID,ISAVAILABLE) values ('A080313152067',20,0);
Insert into INVENTORY (BARCODE,BOOKID,ISAVAILABLE) values ('A080313152070',21,1);
Insert into INVENTORY (BARCODE,BOOKID,ISAVAILABLE) values ('A080313152073',22,0);
Insert into INVENTORY (BARCODE,BOOKID,ISAVAILABLE) values ('A080313152076',23,0);
Insert into INVENTORY (BARCODE,BOOKID,ISAVAILABLE) values ('A080313152079',24,1);
Insert into INVENTORY (BARCODE,BOOKID,ISAVAILABLE) values ('A080313152082',25,1);
Insert into INVENTORY (BARCODE,BOOKID,ISAVAILABLE) values ('A080313152085',26,1);
Insert into INVENTORY (BARCODE,BOOKID,ISAVAILABLE) values ('A080313152088',27,1);
Insert into INVENTORY (BARCODE,BOOKID,ISAVAILABLE) values ('A080313152091',28,1);
Insert into INVENTORY (BARCODE,BOOKID,ISAVAILABLE) values ('A080313152094',29,1);
Insert into INVENTORY (BARCODE,BOOKID,ISAVAILABLE) values ('A080313152097',30,1);
Insert into INVENTORY (BARCODE,BOOKID,ISAVAILABLE) values ('A0803131520100',31,0);
Insert into INVENTORY (BARCODE,BOOKID,ISAVAILABLE) values ('A0803131520103',32,0);
Insert into INVENTORY (BARCODE,BOOKID,ISAVAILABLE) values ('A0803131520106',33,0);
Insert into INVENTORY (BARCODE,BOOKID,ISAVAILABLE) values ('A0803131520109',34,0);
Insert into INVENTORY (BARCODE,BOOKID,ISAVAILABLE) values ('A0803131520112',35,0);
Insert into INVENTORY (BARCODE,BOOKID,ISAVAILABLE) values ('A0803131520115',36,0);
Insert into INVENTORY (BARCODE,BOOKID,ISAVAILABLE) values ('A0803131520118',37,1);
Insert into INVENTORY (BARCODE,BOOKID,ISAVAILABLE) values ('A0803131520121',38,0);
Insert into INVENTORY (BARCODE,BOOKID,ISAVAILABLE) values ('A0803131520124',39,0);
Insert into INVENTORY (BARCODE,BOOKID,ISAVAILABLE) values ('A0803131520127',40,1);
Insert into INVENTORY (BARCODE,BOOKID,ISAVAILABLE) values ('A0803131520130',41,1);
Insert into INVENTORY (BARCODE,BOOKID,ISAVAILABLE) values ('A0803131520133',42,1);
Insert into INVENTORY (BARCODE,BOOKID,ISAVAILABLE) values ('A0803131520136',1,0);
Insert into INVENTORY (BARCODE,BOOKID,ISAVAILABLE) values ('A0803131520139',2,0);
Insert into INVENTORY (BARCODE,BOOKID,ISAVAILABLE) values ('A0803131520142',3,0);
Insert into INVENTORY (BARCODE,BOOKID,ISAVAILABLE) values ('A0803131520145',4,0);
Insert into INVENTORY (BARCODE,BOOKID,ISAVAILABLE) values ('A0803131520148',5,0);
Insert into INVENTORY (BARCODE,BOOKID,ISAVAILABLE) values ('A0803131520151',6,0);
Insert into INVENTORY (BARCODE,BOOKID,ISAVAILABLE) values ('A0803131520154',7,0);
Insert into INVENTORY (BARCODE,BOOKID,ISAVAILABLE) values ('A0803131520157',8,0);
Insert into INVENTORY (BARCODE,BOOKID,ISAVAILABLE) values ('A0803131520160',9,0);
Insert into INVENTORY (BARCODE,BOOKID,ISAVAILABLE) values ('A0803131520163',10,0);
Insert into INVENTORY (BARCODE,BOOKID,ISAVAILABLE) values ('A0803131520166',11,0);
Insert into INVENTORY (BARCODE,BOOKID,ISAVAILABLE) values ('A0803131520169',12,0);
Insert into INVENTORY (BARCODE,BOOKID,ISAVAILABLE) values ('A0803131520172',13,0);
Insert into INVENTORY (BARCODE,BOOKID,ISAVAILABLE) values ('A0803131520175',14,0);
Insert into INVENTORY (BARCODE,BOOKID,ISAVAILABLE) values ('A0803131520178',15,0);
Insert into INVENTORY (BARCODE,BOOKID,ISAVAILABLE) values ('A0803131520181',16,0);
Insert into INVENTORY (BARCODE,BOOKID,ISAVAILABLE) values ('A0803131520184',17,1);
Insert into INVENTORY (BARCODE,BOOKID,ISAVAILABLE) values ('A0803131520187',18,0);
Insert into INVENTORY (BARCODE,BOOKID,ISAVAILABLE) values ('A0803131520190',19,0);
Insert into INVENTORY (BARCODE,BOOKID,ISAVAILABLE) values ('A0803131520193',20,0);
Insert into INVENTORY (BARCODE,BOOKID,ISAVAILABLE) values ('A0803131520196',21,0);
Insert into INVENTORY (BARCODE,BOOKID,ISAVAILABLE) values ('A0803131520199',22,0);
Insert into INVENTORY (BARCODE,BOOKID,ISAVAILABLE) values ('A0803131520202',23,0);
Insert into INVENTORY (BARCODE,BOOKID,ISAVAILABLE) values ('A0803131520205',24,0);
Insert into INVENTORY (BARCODE,BOOKID,ISAVAILABLE) values ('A0803131520208',25,0);
Insert into INVENTORY (BARCODE,BOOKID,ISAVAILABLE) values ('A0803131520211',26,0);
Insert into INVENTORY (BARCODE,BOOKID,ISAVAILABLE) values ('A0803131520214',27,0);
Insert into INVENTORY (BARCODE,BOOKID,ISAVAILABLE) values ('A0803131520217',28,0);
Insert into INVENTORY (BARCODE,BOOKID,ISAVAILABLE) values ('A0803131520220',29,0);
Insert into INVENTORY (BARCODE,BOOKID,ISAVAILABLE) values ('A0803131520223',30,0);
Insert into INVENTORY (BARCODE,BOOKID,ISAVAILABLE) values ('A0803131520226',31,1);
Insert into INVENTORY (BARCODE,BOOKID,ISAVAILABLE) values ('A0803131520229',32,0);
Insert into INVENTORY (BARCODE,BOOKID,ISAVAILABLE) values ('A0803131520232',33,0);
Insert into INVENTORY (BARCODE,BOOKID,ISAVAILABLE) values ('A0803131520235',34,0);
Insert into INVENTORY (BARCODE,BOOKID,ISAVAILABLE) values ('A0803131520238',35,0);
Insert into INVENTORY (BARCODE,BOOKID,ISAVAILABLE) values ('A0803131520241',36,0);
Insert into INVENTORY (BARCODE,BOOKID,ISAVAILABLE) values ('A0803131520244',37,1);
Insert into INVENTORY (BARCODE,BOOKID,ISAVAILABLE) values ('A0803131520247',38,0);
Insert into INVENTORY (BARCODE,BOOKID,ISAVAILABLE) values ('A0803131520250',39,0);
Insert into INVENTORY (BARCODE,BOOKID,ISAVAILABLE) values ('A0803131520253',40,1);
Insert into INVENTORY (BARCODE,BOOKID,ISAVAILABLE) values ('A0803131520256',41,1);
Insert into INVENTORY (BARCODE,BOOKID,ISAVAILABLE) values ('A0803131520259',42,1);
Insert into INVENTORY (BARCODE,BOOKID,ISAVAILABLE) values ('A0803131520262',1,0);
Insert into INVENTORY (BARCODE,BOOKID,ISAVAILABLE) values ('A0803131520265',2,0);
Insert into INVENTORY (BARCODE,BOOKID,ISAVAILABLE) values ('A0803131520268',3,1);
Insert into INVENTORY (BARCODE,BOOKID,ISAVAILABLE) values ('A0803131520271',4,1);
Insert into INVENTORY (BARCODE,BOOKID,ISAVAILABLE) values ('A0803131520274',5,0);
Insert into INVENTORY (BARCODE,BOOKID,ISAVAILABLE) values ('A0803131520277',6,0);
Insert into INVENTORY (BARCODE,BOOKID,ISAVAILABLE) values ('A0803131520280',7,1);
Insert into INVENTORY (BARCODE,BOOKID,ISAVAILABLE) values ('A0803131520283',8,0);
Insert into INVENTORY (BARCODE,BOOKID,ISAVAILABLE) values ('A0803131520286',9,0);
Insert into INVENTORY (BARCODE,BOOKID,ISAVAILABLE) values ('A0803131520289',10,0);
Insert into INVENTORY (BARCODE,BOOKID,ISAVAILABLE) values ('A0803131520292',11,1);
Insert into INVENTORY (BARCODE,BOOKID,ISAVAILABLE) values ('A0803131520295',12,1);
Insert into INVENTORY (BARCODE,BOOKID,ISAVAILABLE) values ('A0803131520298',13,0);
Insert into INVENTORY (BARCODE,BOOKID,ISAVAILABLE) values ('A0803131520301',14,0);
Insert into INVENTORY (BARCODE,BOOKID,ISAVAILABLE) values ('A0803131520304',15,1);
Insert into INVENTORY (BARCODE,BOOKID,ISAVAILABLE) values ('A0803131520307',16,0);
Insert into INVENTORY (BARCODE,BOOKID,ISAVAILABLE) values ('A0803131520310',17,1);
Insert into INVENTORY (BARCODE,BOOKID,ISAVAILABLE) values ('A0803131520313',18,0);
Insert into INVENTORY (BARCODE,BOOKID,ISAVAILABLE) values ('A0803131520316',19,0);
Insert into INVENTORY (BARCODE,BOOKID,ISAVAILABLE) values ('A0803131520319',20,0);
Insert into INVENTORY (BARCODE,BOOKID,ISAVAILABLE) values ('A0803131520322',21,0);
Insert into INVENTORY (BARCODE,BOOKID,ISAVAILABLE) values ('A0803131520325',22,0);
Insert into INVENTORY (BARCODE,BOOKID,ISAVAILABLE) values ('A0803131520328',23,0);
Insert into INVENTORY (BARCODE,BOOKID,ISAVAILABLE) values ('A0803131520331',24,0);
Insert into INVENTORY (BARCODE,BOOKID,ISAVAILABLE) values ('A0803131520334',25,1);
Insert into INVENTORY (BARCODE,BOOKID,ISAVAILABLE) values ('A0803131520337',26,0);
Insert into INVENTORY (BARCODE,BOOKID,ISAVAILABLE) values ('A0803131520340',27,0);
Insert into INVENTORY (BARCODE,BOOKID,ISAVAILABLE) values ('A0803131520343',28,1);
Insert into INVENTORY (BARCODE,BOOKID,ISAVAILABLE) values ('A0803131520346',29,0);
Insert into INVENTORY (BARCODE,BOOKID,ISAVAILABLE) values ('A0803131520349',30,1);
Insert into INVENTORY (BARCODE,BOOKID,ISAVAILABLE) values ('A0803131520352',31,1);
Insert into INVENTORY (BARCODE,BOOKID,ISAVAILABLE) values ('A0803131520355',32,0);
Insert into INVENTORY (BARCODE,BOOKID,ISAVAILABLE) values ('A0803131520358',33,1);
Insert into INVENTORY (BARCODE,BOOKID,ISAVAILABLE) values ('A0803131520361',34,0);
Insert into INVENTORY (BARCODE,BOOKID,ISAVAILABLE) values ('A0803131520364',35,0);
Insert into INVENTORY (BARCODE,BOOKID,ISAVAILABLE) values ('A0803131520367',36,0);
Insert into INVENTORY (BARCODE,BOOKID,ISAVAILABLE) values ('A0803131520370',37,1);
Insert into INVENTORY (BARCODE,BOOKID,ISAVAILABLE) values ('A0803131520373',38,1);
Insert into INVENTORY (BARCODE,BOOKID,ISAVAILABLE) values ('A0803131520376',39,0);
Insert into INVENTORY (BARCODE,BOOKID,ISAVAILABLE) values ('A0803131520379',40,1);
Insert into INVENTORY (BARCODE,BOOKID,ISAVAILABLE) values ('A0803131520382',41,1);
Insert into INVENTORY (BARCODE,BOOKID,ISAVAILABLE) values ('A0803131520385',42,1);
Insert into INVENTORY (BARCODE,BOOKID,ISAVAILABLE) values ('A0803131520388',1,0);
Insert into INVENTORY (BARCODE,BOOKID,ISAVAILABLE) values ('A0803131520391',2,1);
Insert into INVENTORY (BARCODE,BOOKID,ISAVAILABLE) values ('A0803131520394',3,1);
Insert into INVENTORY (BARCODE,BOOKID,ISAVAILABLE) values ('A0803131520397',4,1);
Insert into INVENTORY (BARCODE,BOOKID,ISAVAILABLE) values ('A0803131520400',5,0);
Insert into INVENTORY (BARCODE,BOOKID,ISAVAILABLE) values ('A0803131520403',6,0);
Insert into INVENTORY (BARCODE,BOOKID,ISAVAILABLE) values ('A0803131520406',7,1);
Insert into INVENTORY (BARCODE,BOOKID,ISAVAILABLE) values ('A0803131520409',8,0);
Insert into INVENTORY (BARCODE,BOOKID,ISAVAILABLE) values ('A0803131520412',9,1);
Insert into INVENTORY (BARCODE,BOOKID,ISAVAILABLE) values ('A0803131520415',10,1);
Insert into INVENTORY (BARCODE,BOOKID,ISAVAILABLE) values ('A0803131520418',11,0);
Insert into INVENTORY (BARCODE,BOOKID,ISAVAILABLE) values ('A0803131520421',12,1);
Insert into INVENTORY (BARCODE,BOOKID,ISAVAILABLE) values ('A0803131520424',13,1);
Insert into INVENTORY (BARCODE,BOOKID,ISAVAILABLE) values ('A0803131520427',14,0);
Insert into INVENTORY (BARCODE,BOOKID,ISAVAILABLE) values ('A0803131520430',15,1);
Insert into INVENTORY (BARCODE,BOOKID,ISAVAILABLE) values ('A0803131520433',16,0);
Insert into INVENTORY (BARCODE,BOOKID,ISAVAILABLE) values ('A0803131520436',17,1);
Insert into INVENTORY (BARCODE,BOOKID,ISAVAILABLE) values ('A0803131520439',18,0);
Insert into INVENTORY (BARCODE,BOOKID,ISAVAILABLE) values ('A0803131520442',19,1);
Insert into INVENTORY (BARCODE,BOOKID,ISAVAILABLE) values ('A0803131520445',20,0);
Insert into INVENTORY (BARCODE,BOOKID,ISAVAILABLE) values ('A0803131520448',21,0);
Insert into INVENTORY (BARCODE,BOOKID,ISAVAILABLE) values ('A0803131520451',22,0);
Insert into INVENTORY (BARCODE,BOOKID,ISAVAILABLE) values ('A0803131520454',23,0);
Insert into INVENTORY (BARCODE,BOOKID,ISAVAILABLE) values ('A0803131520457',24,0);
Insert into INVENTORY (BARCODE,BOOKID,ISAVAILABLE) values ('A0803131520460',25,1);
Insert into INVENTORY (BARCODE,BOOKID,ISAVAILABLE) values ('A0803131520463',26,0);
Insert into INVENTORY (BARCODE,BOOKID,ISAVAILABLE) values ('A0803131520466',27,0);
Insert into INVENTORY (BARCODE,BOOKID,ISAVAILABLE) values ('A0803131520469',28,1);
Insert into INVENTORY (BARCODE,BOOKID,ISAVAILABLE) values ('A0803131520472',29,1);
Insert into INVENTORY (BARCODE,BOOKID,ISAVAILABLE) values ('A0803131520475',30,1);
Insert into INVENTORY (BARCODE,BOOKID,ISAVAILABLE) values ('A0803131520478',31,1);
Insert into INVENTORY (BARCODE,BOOKID,ISAVAILABLE) values ('A0803131520481',32,0);
Insert into INVENTORY (BARCODE,BOOKID,ISAVAILABLE) values ('A0803131520484',33,1);
Insert into INVENTORY (BARCODE,BOOKID,ISAVAILABLE) values ('A0803131520487',34,0);
Insert into INVENTORY (BARCODE,BOOKID,ISAVAILABLE) values ('A0803131520490',35,0);
Insert into INVENTORY (BARCODE,BOOKID,ISAVAILABLE) values ('A0803131520493',36,0);
Insert into INVENTORY (BARCODE,BOOKID,ISAVAILABLE) values ('A0803131520496',37,1);
Insert into INVENTORY (BARCODE,BOOKID,ISAVAILABLE) values ('A0803131520499',38,1);
Insert into INVENTORY (BARCODE,BOOKID,ISAVAILABLE) values ('A0803131520502',39,0);
Insert into INVENTORY (BARCODE,BOOKID,ISAVAILABLE) values ('A0803131520505',40,1);
Insert into INVENTORY (BARCODE,BOOKID,ISAVAILABLE) values ('A0803131520508',41,1);
Insert into INVENTORY (BARCODE,BOOKID,ISAVAILABLE) values ('A0803131520511',42,1);
Insert into INVENTORY (BARCODE,BOOKID,ISAVAILABLE) values ('A0803131520514',1,0);
Insert into INVENTORY (BARCODE,BOOKID,ISAVAILABLE) values ('A0803131520517',2,1);
Insert into INVENTORY (BARCODE,BOOKID,ISAVAILABLE) values ('A0803131520520',3,1);
Insert into INVENTORY (BARCODE,BOOKID,ISAVAILABLE) values ('A0803131520523',4,1);
Insert into INVENTORY (BARCODE,BOOKID,ISAVAILABLE) values ('A0803131520526',5,1);
Insert into INVENTORY (BARCODE,BOOKID,ISAVAILABLE) values ('A0803131520529',6,0);
Insert into INVENTORY (BARCODE,BOOKID,ISAVAILABLE) values ('A0803131520532',7,1);
Insert into INVENTORY (BARCODE,BOOKID,ISAVAILABLE) values ('A0803131520535',8,0);
Insert into INVENTORY (BARCODE,BOOKID,ISAVAILABLE) values ('1',1,1);

REM INSERTING into SHIPPING_ADDRESS
SET DEFINE OFF;
Insert into SHIPPING_ADDRESS (ID,ADDRESS,CITY,STATE,ZIPCODE) values (68,'123 my address','jersey city','NJ','07302');
Insert into SHIPPING_ADDRESS (ID,ADDRESS,CITY,STATE,ZIPCODE) values (73,'1234 tran','sadsd','NV','213213');
Insert into SHIPPING_ADDRESS (ID,ADDRESS,CITY,STATE,ZIPCODE) values (79,'54654656 ds','dsdsd','NV','456546');
Insert into SHIPPING_ADDRESS (ID,ADDRESS,CITY,STATE,ZIPCODE) values (83,'update','dasdsad','NV','3434');
Insert into SHIPPING_ADDRESS (ID,ADDRESS,CITY,STATE,ZIPCODE) values (69,'234 asss','sadsd','NV','09034');
Insert into SHIPPING_ADDRESS (ID,ADDRESS,CITY,STATE,ZIPCODE) values (70,'23 dasdas','bayonne','NV','07002');
Insert into SHIPPING_ADDRESS (ID,ADDRESS,CITY,STATE,ZIPCODE) values (71,'234 not working','new jersey','NV','12345');
Insert into SHIPPING_ADDRESS (ID,ADDRESS,CITY,STATE,ZIPCODE) values (72,'2345 still not working','xzcxzc','NV','213213');
Insert into SHIPPING_ADDRESS (ID,ADDRESS,CITY,STATE,ZIPCODE) values (74,'123 changes','sdsad','NV','123232');
Insert into SHIPPING_ADDRESS (ID,ADDRESS,CITY,STATE,ZIPCODE) values (75,'12345 new changes','sdsad','NV','123213');
Insert into SHIPPING_ADDRESS (ID,ADDRESS,CITY,STATE,ZIPCODE) values (80,'dfdsfdsf','dfdsfds','NV','34343');
Insert into SHIPPING_ADDRESS (ID,ADDRESS,CITY,STATE,ZIPCODE) values (82,'new ds','sadsad','NV','435435');
Insert into SHIPPING_ADDRESS (ID,ADDRESS,CITY,STATE,ZIPCODE) values (76,'12323 new','dasdsd','NV','12132');
Insert into SHIPPING_ADDRESS (ID,ADDRESS,CITY,STATE,ZIPCODE) values (77,'657657','dsfdsf','NV','768678');
Insert into SHIPPING_ADDRESS (ID,ADDRESS,CITY,STATE,ZIPCODE) values (1,'499 Beach St.','Frederick','MD','21701');
Insert into SHIPPING_ADDRESS (ID,ADDRESS,CITY,STATE,ZIPCODE) values (2,'7638 Bellevue Ave.','Dover','NH','03820');
Insert into SHIPPING_ADDRESS (ID,ADDRESS,CITY,STATE,ZIPCODE) values (3,'264 E. Gainsway Ave.','Lilburn','GA','30047');
Insert into SHIPPING_ADDRESS (ID,ADDRESS,CITY,STATE,ZIPCODE) values (4,'937 Corona Rd.','Gibsonia','PA','15044');
Insert into SHIPPING_ADDRESS (ID,ADDRESS,CITY,STATE,ZIPCODE) values (5,'299 E. Victoria Road,Unit 22','Maumee','OH','43537');
Insert into SHIPPING_ADDRESS (ID,ADDRESS,CITY,STATE,ZIPCODE) values (6,'9793 Trusel Street','Mechanicsburg','PA','17050');
Insert into SHIPPING_ADDRESS (ID,ADDRESS,CITY,STATE,ZIPCODE) values (7,'29 Virginia St.','Central Islip','NY','11722');
Insert into SHIPPING_ADDRESS (ID,ADDRESS,CITY,STATE,ZIPCODE) values (8,'7736 Hanover Ave.','Lake Worth','FL','33460');
Insert into SHIPPING_ADDRESS (ID,ADDRESS,CITY,STATE,ZIPCODE) values (9,'7104 Mayflower Street','Henderson','KY','42420');
Insert into SHIPPING_ADDRESS (ID,ADDRESS,CITY,STATE,ZIPCODE) values (10,'8259 Cooper Dr.','Stuart','FL','34997');
Insert into SHIPPING_ADDRESS (ID,ADDRESS,CITY,STATE,ZIPCODE) values (11,'14 East Ashley Street','Orange','NJ','07050');
Insert into SHIPPING_ADDRESS (ID,ADDRESS,CITY,STATE,ZIPCODE) values (12,'8194 W. Acacia St.','Fairhope','AL','36532');
Insert into SHIPPING_ADDRESS (ID,ADDRESS,CITY,STATE,ZIPCODE) values (13,'9218 Harrison St.','Sylvania','OH','43560');
Insert into SHIPPING_ADDRESS (ID,ADDRESS,CITY,STATE,ZIPCODE) values (14,'8117 Essex Drive','Commack','NY','11725');
Insert into SHIPPING_ADDRESS (ID,ADDRESS,CITY,STATE,ZIPCODE) values (15,'2 Lakewood St.','Burlington','MA','01803');
Insert into SHIPPING_ADDRESS (ID,ADDRESS,CITY,STATE,ZIPCODE) values (16,'977 Sleepy Hollow St.','Boston','MA','02127');
Insert into SHIPPING_ADDRESS (ID,ADDRESS,CITY,STATE,ZIPCODE) values (17,'8315 East 53rd St.','Sioux City','IA','51106');
Insert into SHIPPING_ADDRESS (ID,ADDRESS,CITY,STATE,ZIPCODE) values (18,'58 Race St.','Chicopee','MA','01020');
Insert into SHIPPING_ADDRESS (ID,ADDRESS,CITY,STATE,ZIPCODE) values (19,'554 N. Pendergast St.','Fair Lawn','NJ','07410');
Insert into SHIPPING_ADDRESS (ID,ADDRESS,CITY,STATE,ZIPCODE) values (20,'8258 Cherry Hill Rd.','Milledgeville','GA','31061');
Insert into SHIPPING_ADDRESS (ID,ADDRESS,CITY,STATE,ZIPCODE) values (21,'90 Garden Court','Algonquin','IL','60102');
Insert into SHIPPING_ADDRESS (ID,ADDRESS,CITY,STATE,ZIPCODE) values (22,'7099 Bay Meadows Dr.','Saint Johns','FL','32259');
Insert into SHIPPING_ADDRESS (ID,ADDRESS,CITY,STATE,ZIPCODE) values (23,'47 Princeton Ave.','Braintree','MA','02184');
Insert into SHIPPING_ADDRESS (ID,ADDRESS,CITY,STATE,ZIPCODE) values (24,'9736 West Glendale Street','Ringgold','GA','30736');
Insert into SHIPPING_ADDRESS (ID,ADDRESS,CITY,STATE,ZIPCODE) values (25,'893 Brewery St.','Riverdale','GA','30274');
Insert into SHIPPING_ADDRESS (ID,ADDRESS,CITY,STATE,ZIPCODE) values (26,'15 Fremont Drive','Marysville','OH','43040');
Insert into SHIPPING_ADDRESS (ID,ADDRESS,CITY,STATE,ZIPCODE) values (27,'8127 Bay Meadows Dr.','Torrington','CT','06790');
Insert into SHIPPING_ADDRESS (ID,ADDRESS,CITY,STATE,ZIPCODE) values (28,'622 Henry Smith Street','Delray Beach','FL','33445');
Insert into SHIPPING_ADDRESS (ID,ADDRESS,CITY,STATE,ZIPCODE) values (29,'89 Johnson Rd.','Camp Hill','PA','17011');
Insert into SHIPPING_ADDRESS (ID,ADDRESS,CITY,STATE,ZIPCODE) values (30,'435 W. Foster Ave.','Liverpool','NY','13090');
Insert into SHIPPING_ADDRESS (ID,ADDRESS,CITY,STATE,ZIPCODE) values (31,'716 East Meadow St.','Potomac','MD','20854');
Insert into SHIPPING_ADDRESS (ID,ADDRESS,CITY,STATE,ZIPCODE) values (32,'70 Lees Creek Circle','North Miami Beach','FL','33160');
Insert into SHIPPING_ADDRESS (ID,ADDRESS,CITY,STATE,ZIPCODE) values (33,'7156 Argyle Rd.','Doylestown','PA','18901');
Insert into SHIPPING_ADDRESS (ID,ADDRESS,CITY,STATE,ZIPCODE) values (34,'21 S. Gainsway Street','Beaver Falls','PA','15010');
Insert into SHIPPING_ADDRESS (ID,ADDRESS,CITY,STATE,ZIPCODE) values (35,'7394 Rock Maple St.','Elmhurst','NY','11373');
Insert into SHIPPING_ADDRESS (ID,ADDRESS,CITY,STATE,ZIPCODE) values (36,'111 Old Birch Hill Street','Reading','MA','01867');
Insert into SHIPPING_ADDRESS (ID,ADDRESS,CITY,STATE,ZIPCODE) values (37,'16 Green Circle','Wyandotte','MI','48192');
Insert into SHIPPING_ADDRESS (ID,ADDRESS,CITY,STATE,ZIPCODE) values (38,'8 Hall Ave.','Oakland','CA','94603');
Insert into SHIPPING_ADDRESS (ID,ADDRESS,CITY,STATE,ZIPCODE) values (39,'3 Wrangler Lane','Pembroke Pines','FL','33028');
Insert into SHIPPING_ADDRESS (ID,ADDRESS,CITY,STATE,ZIPCODE) values (40,'7668 Circle Dr.','Douglasville','GA','30134');
Insert into SHIPPING_ADDRESS (ID,ADDRESS,CITY,STATE,ZIPCODE) values (41,'9074 Ridge St.','Aliquippa','PA','15001');
Insert into SHIPPING_ADDRESS (ID,ADDRESS,CITY,STATE,ZIPCODE) values (42,'8321 Illinois Drive','Lagrange','GA','30240');
Insert into SHIPPING_ADDRESS (ID,ADDRESS,CITY,STATE,ZIPCODE) values (43,'27 SE. Columbia Dr.','Tiffin','OH','44883');
Insert into SHIPPING_ADDRESS (ID,ADDRESS,CITY,STATE,ZIPCODE) values (44,'541 3rd Street','Port Saint Lucie','FL','34952');
Insert into SHIPPING_ADDRESS (ID,ADDRESS,CITY,STATE,ZIPCODE) values (45,'956 S. Third St.','Anaheim','CA','92806');
Insert into SHIPPING_ADDRESS (ID,ADDRESS,CITY,STATE,ZIPCODE) values (46,'589 South Pawnee Ave.','Seattle','WA','98144');
Insert into SHIPPING_ADDRESS (ID,ADDRESS,CITY,STATE,ZIPCODE) values (47,'570 N. Cottage Road','Mechanicsville','VA','23111');
Insert into SHIPPING_ADDRESS (ID,ADDRESS,CITY,STATE,ZIPCODE) values (48,'48 W. Green Lake Road','North Kingstown','RI','02852');
Insert into SHIPPING_ADDRESS (ID,ADDRESS,CITY,STATE,ZIPCODE) values (49,'15 Tower Ave.','Hollis','NY','11423');
Insert into SHIPPING_ADDRESS (ID,ADDRESS,CITY,STATE,ZIPCODE) values (50,'8760 Lower River Lane','New Lenox','IL','60451');
Insert into SHIPPING_ADDRESS (ID,ADDRESS,CITY,STATE,ZIPCODE) values (61,'8489 Strong St.','Las Vegas','NV','07305');
Insert into SHIPPING_ADDRESS (ID,ADDRESS,CITY,STATE,ZIPCODE) values (62,'123 Prospect Ave','Bayonne','NJ','07002');
Insert into SHIPPING_ADDRESS (ID,ADDRESS,CITY,STATE,ZIPCODE) values (63,'123 Prospect Ave','Bayonne','NJ','07002');
Insert into SHIPPING_ADDRESS (ID,ADDRESS,CITY,STATE,ZIPCODE) values (64,'123 Prospect Ave','Bayonne','NJ','07002');
Insert into SHIPPING_ADDRESS (ID,ADDRESS,CITY,STATE,ZIPCODE) values (65,'123 Prospect Ave','Bayonne','NJ','07002');
Insert into SHIPPING_ADDRESS (ID,ADDRESS,CITY,STATE,ZIPCODE) values (0,'The same address','The same city','NJ','00000');
Insert into SHIPPING_ADDRESS (ID,ADDRESS,CITY,STATE,ZIPCODE) values (86,'8748374 jahfdkfhkdf','hfkdhsfkdh','OH','06764');


REM INSERTING into ORDERS
SET DEFINE OFF;
Insert into ORDERS (ID,CUSTOMERID,CREATEDATE,SHIPPINGID,CARDID) values (1,29,to_date('14-AUG-18','DD-MON-RR'),33,83);
Insert into ORDERS (ID,CUSTOMERID,CREATEDATE,SHIPPINGID,CARDID) values (2,9,to_date('10-AUG-18','DD-MON-RR'),18,63);
Insert into ORDERS (ID,CUSTOMERID,CREATEDATE,SHIPPINGID,CARDID) values (3,15,to_date('05-AUG-18','DD-MON-RR'),15,69);
Insert into ORDERS (ID,CUSTOMERID,CREATEDATE,SHIPPINGID,CARDID) values (4,9,to_date('12-AUG-18','DD-MON-RR'),40,63);
Insert into ORDERS (ID,CUSTOMERID,CREATEDATE,SHIPPINGID,CARDID) values (5,40,to_date('06-AUG-18','DD-MON-RR'),36,94);
Insert into ORDERS (ID,CUSTOMERID,CREATEDATE,SHIPPINGID,CARDID) values (6,30,to_date('15-AUG-18','DD-MON-RR'),2,84);
Insert into ORDERS (ID,CUSTOMERID,CREATEDATE,SHIPPINGID,CARDID) values (7,19,to_date('02-AUG-18','DD-MON-RR'),19,73);
Insert into ORDERS (ID,CUSTOMERID,CREATEDATE,SHIPPINGID,CARDID) values (8,12,to_date('07-AUG-18','DD-MON-RR'),49,66);
Insert into ORDERS (ID,CUSTOMERID,CREATEDATE,SHIPPINGID,CARDID) values (9,36,to_date('11-AUG-18','DD-MON-RR'),6,90);
Insert into ORDERS (ID,CUSTOMERID,CREATEDATE,SHIPPINGID,CARDID) values (11,26,to_date('06-AUG-18','DD-MON-RR'),24,80);
Insert into ORDERS (ID,CUSTOMERID,CREATEDATE,SHIPPINGID,CARDID) values (12,5,to_date('04-AUG-18','DD-MON-RR'),25,59);
Insert into ORDERS (ID,CUSTOMERID,CREATEDATE,SHIPPINGID,CARDID) values (13,19,to_date('06-AUG-18','DD-MON-RR'),35,73);
Insert into ORDERS (ID,CUSTOMERID,CREATEDATE,SHIPPINGID,CARDID) values (14,30,to_date('04-AUG-18','DD-MON-RR'),39,84);
Insert into ORDERS (ID,CUSTOMERID,CREATEDATE,SHIPPINGID,CARDID) values (15,25,to_date('10-AUG-18','DD-MON-RR'),40,79);
Insert into ORDERS (ID,CUSTOMERID,CREATEDATE,SHIPPINGID,CARDID) values (16,45,to_date('11-AUG-18','DD-MON-RR'),10,99);
Insert into ORDERS (ID,CUSTOMERID,CREATEDATE,SHIPPINGID,CARDID) values (17,42,to_date('08-AUG-18','DD-MON-RR'),15,96);
Insert into ORDERS (ID,CUSTOMERID,CREATEDATE,SHIPPINGID,CARDID) values (18,9,to_date('05-AUG-18','DD-MON-RR'),42,63);
Insert into ORDERS (ID,CUSTOMERID,CREATEDATE,SHIPPINGID,CARDID) values (20,5,to_date('14-AUG-18','DD-MON-RR'),35,59);
Insert into ORDERS (ID,CUSTOMERID,CREATEDATE,SHIPPINGID,CARDID) values (21,34,to_date('14-AUG-18','DD-MON-RR'),39,88);
Insert into ORDERS (ID,CUSTOMERID,CREATEDATE,SHIPPINGID,CARDID) values (22,48,to_date('11-AUG-18','DD-MON-RR'),3,102);
Insert into ORDERS (ID,CUSTOMERID,CREATEDATE,SHIPPINGID,CARDID) values (23,12,to_date('07-AUG-18','DD-MON-RR'),37,66);
Insert into ORDERS (ID,CUSTOMERID,CREATEDATE,SHIPPINGID,CARDID) values (24,25,to_date('08-AUG-18','DD-MON-RR'),47,79);
Insert into ORDERS (ID,CUSTOMERID,CREATEDATE,SHIPPINGID,CARDID) values (25,28,to_date('15-AUG-18','DD-MON-RR'),26,82);
Insert into ORDERS (ID,CUSTOMERID,CREATEDATE,SHIPPINGID,CARDID) values (26,30,to_date('10-AUG-18','DD-MON-RR'),43,84);
Insert into ORDERS (ID,CUSTOMERID,CREATEDATE,SHIPPINGID,CARDID) values (27,33,to_date('13-AUG-18','DD-MON-RR'),1,87);
Insert into ORDERS (ID,CUSTOMERID,CREATEDATE,SHIPPINGID,CARDID) values (28,20,to_date('10-AUG-18','DD-MON-RR'),2,74);
Insert into ORDERS (ID,CUSTOMERID,CREATEDATE,SHIPPINGID,CARDID) values (29,29,to_date('06-AUG-18','DD-MON-RR'),14,83);
Insert into ORDERS (ID,CUSTOMERID,CREATEDATE,SHIPPINGID,CARDID) values (30,48,to_date('07-AUG-18','DD-MON-RR'),44,102);
Insert into ORDERS (ID,CUSTOMERID,CREATEDATE,SHIPPINGID,CARDID) values (31,18,to_date('06-AUG-18','DD-MON-RR'),48,72);
Insert into ORDERS (ID,CUSTOMERID,CREATEDATE,SHIPPINGID,CARDID) values (32,15,to_date('12-AUG-18','DD-MON-RR'),19,69);
Insert into ORDERS (ID,CUSTOMERID,CREATEDATE,SHIPPINGID,CARDID) values (33,30,to_date('03-AUG-18','DD-MON-RR'),44,84);
Insert into ORDERS (ID,CUSTOMERID,CREATEDATE,SHIPPINGID,CARDID) values (34,17,to_date('09-AUG-18','DD-MON-RR'),46,71);
Insert into ORDERS (ID,CUSTOMERID,CREATEDATE,SHIPPINGID,CARDID) values (35,8,to_date('11-AUG-18','DD-MON-RR'),10,62);
Insert into ORDERS (ID,CUSTOMERID,CREATEDATE,SHIPPINGID,CARDID) values (36,17,to_date('03-AUG-18','DD-MON-RR'),9,71);
Insert into ORDERS (ID,CUSTOMERID,CREATEDATE,SHIPPINGID,CARDID) values (37,33,to_date('12-AUG-18','DD-MON-RR'),19,87);
Insert into ORDERS (ID,CUSTOMERID,CREATEDATE,SHIPPINGID,CARDID) values (38,41,to_date('11-AUG-18','DD-MON-RR'),39,95);
Insert into ORDERS (ID,CUSTOMERID,CREATEDATE,SHIPPINGID,CARDID) values (39,25,to_date('04-AUG-18','DD-MON-RR'),16,79);
Insert into ORDERS (ID,CUSTOMERID,CREATEDATE,SHIPPINGID,CARDID) values (67,13,to_date('18-SEP-18','DD-MON-RR'),0,67);
Insert into ORDERS (ID,CUSTOMERID,CREATEDATE,SHIPPINGID,CARDID) values (69,45,to_date('18-SEP-18','DD-MON-RR'),0,113);
Insert into ORDERS (ID,CUSTOMERID,CREATEDATE,SHIPPINGID,CARDID) values (70,5,to_date('18-SEP-18','DD-MON-RR'),86,59);
Insert into ORDERS (ID,CUSTOMERID,CREATEDATE,SHIPPINGID,CARDID) values (71,9,to_date('18-SEP-18','DD-MON-RR'),0,63);
Insert into ORDERS (ID,CUSTOMERID,CREATEDATE,SHIPPINGID,CARDID) values (72,9,to_date('18-SEP-18','DD-MON-RR'),0,63);
Insert into ORDERS (ID,CUSTOMERID,CREATEDATE,SHIPPINGID,CARDID) values (73,23,to_date('18-SEP-18','DD-MON-RR'),0,77);
Insert into ORDERS (ID,CUSTOMERID,CREATEDATE,SHIPPINGID,CARDID) values (74,23,to_date('18-SEP-18','DD-MON-RR'),0,77);
REM INSERTING into ORDER_DETAIL
SET DEFINE OFF;
Insert into ORDER_DETAIL (ID,ORDERID,BOOKID,QUANTITY,UNIT_PRICE,SHIPPING_DATE,EXPECT_ARRIVE) values (101,3,20,3,3.59,to_date('17-AUG-18','DD-MON-RR'),to_date('20-AUG-18','DD-MON-RR'));
Insert into ORDER_DETAIL (ID,ORDERID,BOOKID,QUANTITY,UNIT_PRICE,SHIPPING_DATE,EXPECT_ARRIVE) values (109,67,2,1,5.06,to_date('18-SEP-18','DD-MON-RR'),to_date('21-SEP-18','DD-MON-RR'));
Insert into ORDER_DETAIL (ID,ORDERID,BOOKID,QUANTITY,UNIT_PRICE,SHIPPING_DATE,EXPECT_ARRIVE) values (2,33,24,1,4.71,to_date('04-AUG-18','DD-MON-RR'),to_date('07-AUG-18','DD-MON-RR'));
Insert into ORDER_DETAIL (ID,ORDERID,BOOKID,QUANTITY,UNIT_PRICE,SHIPPING_DATE,EXPECT_ARRIVE) values (3,12,6,2,12.14,to_date('05-AUG-18','DD-MON-RR'),to_date('08-AUG-18','DD-MON-RR'));
Insert into ORDER_DETAIL (ID,ORDERID,BOOKID,QUANTITY,UNIT_PRICE,SHIPPING_DATE,EXPECT_ARRIVE) values (4,4,36,1,18.49,to_date('13-AUG-18','DD-MON-RR'),to_date('16-AUG-18','DD-MON-RR'));
Insert into ORDER_DETAIL (ID,ORDERID,BOOKID,QUANTITY,UNIT_PRICE,SHIPPING_DATE,EXPECT_ARRIVE) values (5,27,24,1,4.71,to_date('14-AUG-18','DD-MON-RR'),to_date('17-AUG-18','DD-MON-RR'));
Insert into ORDER_DETAIL (ID,ORDERID,BOOKID,QUANTITY,UNIT_PRICE,SHIPPING_DATE,EXPECT_ARRIVE) values (6,39,23,1,13.79,to_date('05-AUG-18','DD-MON-RR'),to_date('08-AUG-18','DD-MON-RR'));
Insert into ORDER_DETAIL (ID,ORDERID,BOOKID,QUANTITY,UNIT_PRICE,SHIPPING_DATE,EXPECT_ARRIVE) values (7,2,33,1,15.26,to_date('11-AUG-18','DD-MON-RR'),to_date('14-AUG-18','DD-MON-RR'));
Insert into ORDER_DETAIL (ID,ORDERID,BOOKID,QUANTITY,UNIT_PRICE,SHIPPING_DATE,EXPECT_ARRIVE) values (8,18,5,1,10.19,to_date('06-AUG-18','DD-MON-RR'),to_date('09-AUG-18','DD-MON-RR'));
Insert into ORDER_DETAIL (ID,ORDERID,BOOKID,QUANTITY,UNIT_PRICE,SHIPPING_DATE,EXPECT_ARRIVE) values (9,29,19,1,11.7,to_date('07-AUG-18','DD-MON-RR'),to_date('10-AUG-18','DD-MON-RR'));
Insert into ORDER_DETAIL (ID,ORDERID,BOOKID,QUANTITY,UNIT_PRICE,SHIPPING_DATE,EXPECT_ARRIVE) values (10,1,5,1,10.19,to_date('15-AUG-18','DD-MON-RR'),to_date('18-AUG-18','DD-MON-RR'));
Insert into ORDER_DETAIL (ID,ORDERID,BOOKID,QUANTITY,UNIT_PRICE,SHIPPING_DATE,EXPECT_ARRIVE) values (11,1,1,1,10.8,to_date('15-AUG-18','DD-MON-RR'),to_date('18-AUG-18','DD-MON-RR'));
Insert into ORDER_DETAIL (ID,ORDERID,BOOKID,QUANTITY,UNIT_PRICE,SHIPPING_DATE,EXPECT_ARRIVE) values (12,28,7,1,6.36,to_date('11-AUG-18','DD-MON-RR'),to_date('14-AUG-18','DD-MON-RR'));
Insert into ORDER_DETAIL (ID,ORDERID,BOOKID,QUANTITY,UNIT_PRICE,SHIPPING_DATE,EXPECT_ARRIVE) values (14,22,26,1,12.66,to_date('12-AUG-18','DD-MON-RR'),to_date('15-AUG-18','DD-MON-RR'));
Insert into ORDER_DETAIL (ID,ORDERID,BOOKID,QUANTITY,UNIT_PRICE,SHIPPING_DATE,EXPECT_ARRIVE) values (15,29,29,1,55.74,to_date('07-AUG-18','DD-MON-RR'),to_date('10-AUG-18','DD-MON-RR'));
Insert into ORDER_DETAIL (ID,ORDERID,BOOKID,QUANTITY,UNIT_PRICE,SHIPPING_DATE,EXPECT_ARRIVE) values (16,28,1,1,10.8,to_date('11-AUG-18','DD-MON-RR'),to_date('14-AUG-18','DD-MON-RR'));
Insert into ORDER_DETAIL (ID,ORDERID,BOOKID,QUANTITY,UNIT_PRICE,SHIPPING_DATE,EXPECT_ARRIVE) values (17,6,39,1,57.89,to_date('16-AUG-18','DD-MON-RR'),to_date('19-AUG-18','DD-MON-RR'));
Insert into ORDER_DETAIL (ID,ORDERID,BOOKID,QUANTITY,UNIT_PRICE,SHIPPING_DATE,EXPECT_ARRIVE) values (18,11,12,1,12.14,to_date('07-AUG-18','DD-MON-RR'),to_date('10-AUG-18','DD-MON-RR'));
Insert into ORDER_DETAIL (ID,ORDERID,BOOKID,QUANTITY,UNIT_PRICE,SHIPPING_DATE,EXPECT_ARRIVE) values (19,22,16,1,7.34,to_date('12-AUG-18','DD-MON-RR'),to_date('15-AUG-18','DD-MON-RR'));
Insert into ORDER_DETAIL (ID,ORDERID,BOOKID,QUANTITY,UNIT_PRICE,SHIPPING_DATE,EXPECT_ARRIVE) values (20,2,38,1,11.61,to_date('11-AUG-18','DD-MON-RR'),to_date('14-AUG-18','DD-MON-RR'));
Insert into ORDER_DETAIL (ID,ORDERID,BOOKID,QUANTITY,UNIT_PRICE,SHIPPING_DATE,EXPECT_ARRIVE) values (21,12,6,2,12.14,to_date('05-AUG-18','DD-MON-RR'),to_date('08-AUG-18','DD-MON-RR'));
Insert into ORDER_DETAIL (ID,ORDERID,BOOKID,QUANTITY,UNIT_PRICE,SHIPPING_DATE,EXPECT_ARRIVE) values (22,16,39,1,57.89,to_date('12-AUG-18','DD-MON-RR'),to_date('15-AUG-18','DD-MON-RR'));
Insert into ORDER_DETAIL (ID,ORDERID,BOOKID,QUANTITY,UNIT_PRICE,SHIPPING_DATE,EXPECT_ARRIVE) values (23,25,13,1,5.79,to_date('16-AUG-18','DD-MON-RR'),to_date('19-AUG-18','DD-MON-RR'));
Insert into ORDER_DETAIL (ID,ORDERID,BOOKID,QUANTITY,UNIT_PRICE,SHIPPING_DATE,EXPECT_ARRIVE) values (24,1,16,1,7.34,to_date('15-AUG-18','DD-MON-RR'),to_date('18-AUG-18','DD-MON-RR'));
Insert into ORDER_DETAIL (ID,ORDERID,BOOKID,QUANTITY,UNIT_PRICE,SHIPPING_DATE,EXPECT_ARRIVE) values (25,16,39,1,57.89,to_date('12-AUG-18','DD-MON-RR'),to_date('15-AUG-18','DD-MON-RR'));
Insert into ORDER_DETAIL (ID,ORDERID,BOOKID,QUANTITY,UNIT_PRICE,SHIPPING_DATE,EXPECT_ARRIVE) values (26,2,2,1,5.06,to_date('11-AUG-18','DD-MON-RR'),to_date('14-AUG-18','DD-MON-RR'));
Insert into ORDER_DETAIL (ID,ORDERID,BOOKID,QUANTITY,UNIT_PRICE,SHIPPING_DATE,EXPECT_ARRIVE) values (27,17,8,1,6.59,to_date('09-AUG-18','DD-MON-RR'),to_date('12-AUG-18','DD-MON-RR'));
Insert into ORDER_DETAIL (ID,ORDERID,BOOKID,QUANTITY,UNIT_PRICE,SHIPPING_DATE,EXPECT_ARRIVE) values (28,34,7,1,6.36,to_date('10-AUG-18','DD-MON-RR'),to_date('13-AUG-18','DD-MON-RR'));
Insert into ORDER_DETAIL (ID,ORDERID,BOOKID,QUANTITY,UNIT_PRICE,SHIPPING_DATE,EXPECT_ARRIVE) values (29,24,28,1,51.43,to_date('09-AUG-18','DD-MON-RR'),to_date('12-AUG-18','DD-MON-RR'));
Insert into ORDER_DETAIL (ID,ORDERID,BOOKID,QUANTITY,UNIT_PRICE,SHIPPING_DATE,EXPECT_ARRIVE) values (30,31,18,1,10.19,to_date('07-AUG-18','DD-MON-RR'),to_date('10-AUG-18','DD-MON-RR'));
Insert into ORDER_DETAIL (ID,ORDERID,BOOKID,QUANTITY,UNIT_PRICE,SHIPPING_DATE,EXPECT_ARRIVE) values (31,23,6,2,12.14,to_date('08-AUG-18','DD-MON-RR'),to_date('11-AUG-18','DD-MON-RR'));
Insert into ORDER_DETAIL (ID,ORDERID,BOOKID,QUANTITY,UNIT_PRICE,SHIPPING_DATE,EXPECT_ARRIVE) values (32,7,3,1,6.36,to_date('03-AUG-18','DD-MON-RR'),to_date('06-AUG-18','DD-MON-RR'));
Insert into ORDER_DETAIL (ID,ORDERID,BOOKID,QUANTITY,UNIT_PRICE,SHIPPING_DATE,EXPECT_ARRIVE) values (33,5,22,1,8.99,to_date('07-AUG-18','DD-MON-RR'),to_date('10-AUG-18','DD-MON-RR'));
Insert into ORDER_DETAIL (ID,ORDERID,BOOKID,QUANTITY,UNIT_PRICE,SHIPPING_DATE,EXPECT_ARRIVE) values (34,2,23,1,13.79,to_date('11-AUG-18','DD-MON-RR'),to_date('14-AUG-18','DD-MON-RR'));
Insert into ORDER_DETAIL (ID,ORDERID,BOOKID,QUANTITY,UNIT_PRICE,SHIPPING_DATE,EXPECT_ARRIVE) values (35,14,22,1,8.99,to_date('05-AUG-18','DD-MON-RR'),to_date('08-AUG-18','DD-MON-RR'));
Insert into ORDER_DETAIL (ID,ORDERID,BOOKID,QUANTITY,UNIT_PRICE,SHIPPING_DATE,EXPECT_ARRIVE) values (36,30,36,1,18.49,to_date('08-AUG-18','DD-MON-RR'),to_date('11-AUG-18','DD-MON-RR'));
Insert into ORDER_DETAIL (ID,ORDERID,BOOKID,QUANTITY,UNIT_PRICE,SHIPPING_DATE,EXPECT_ARRIVE) values (37,2,1,1,10.8,to_date('11-AUG-18','DD-MON-RR'),to_date('14-AUG-18','DD-MON-RR'));
Insert into ORDER_DETAIL (ID,ORDERID,BOOKID,QUANTITY,UNIT_PRICE,SHIPPING_DATE,EXPECT_ARRIVE) values (38,4,35,1,18.49,to_date('13-AUG-18','DD-MON-RR'),to_date('16-AUG-18','DD-MON-RR'));
Insert into ORDER_DETAIL (ID,ORDERID,BOOKID,QUANTITY,UNIT_PRICE,SHIPPING_DATE,EXPECT_ARRIVE) values (39,39,35,1,18.49,to_date('05-AUG-18','DD-MON-RR'),to_date('08-AUG-18','DD-MON-RR'));
Insert into ORDER_DETAIL (ID,ORDERID,BOOKID,QUANTITY,UNIT_PRICE,SHIPPING_DATE,EXPECT_ARRIVE) values (40,21,5,1,10.19,to_date('15-AUG-18','DD-MON-RR'),to_date('18-AUG-18','DD-MON-RR'));
Insert into ORDER_DETAIL (ID,ORDERID,BOOKID,QUANTITY,UNIT_PRICE,SHIPPING_DATE,EXPECT_ARRIVE) values (41,4,26,1,12.66,to_date('13-AUG-18','DD-MON-RR'),to_date('16-AUG-18','DD-MON-RR'));
Insert into ORDER_DETAIL (ID,ORDERID,BOOKID,QUANTITY,UNIT_PRICE,SHIPPING_DATE,EXPECT_ARRIVE) values (42,34,29,1,55.74,to_date('10-AUG-18','DD-MON-RR'),to_date('13-AUG-18','DD-MON-RR'));
Insert into ORDER_DETAIL (ID,ORDERID,BOOKID,QUANTITY,UNIT_PRICE,SHIPPING_DATE,EXPECT_ARRIVE) values (43,38,11,1,4.71,to_date('12-AUG-18','DD-MON-RR'),to_date('15-AUG-18','DD-MON-RR'));
Insert into ORDER_DETAIL (ID,ORDERID,BOOKID,QUANTITY,UNIT_PRICE,SHIPPING_DATE,EXPECT_ARRIVE) values (44,1,8,1,6.59,to_date('15-AUG-18','DD-MON-RR'),to_date('18-AUG-18','DD-MON-RR'));
Insert into ORDER_DETAIL (ID,ORDERID,BOOKID,QUANTITY,UNIT_PRICE,SHIPPING_DATE,EXPECT_ARRIVE) values (45,14,22,1,8.99,to_date('05-AUG-18','DD-MON-RR'),to_date('08-AUG-18','DD-MON-RR'));
Insert into ORDER_DETAIL (ID,ORDERID,BOOKID,QUANTITY,UNIT_PRICE,SHIPPING_DATE,EXPECT_ARRIVE) values (46,5,32,1,38.72,to_date('07-AUG-18','DD-MON-RR'),to_date('10-AUG-18','DD-MON-RR'));
Insert into ORDER_DETAIL (ID,ORDERID,BOOKID,QUANTITY,UNIT_PRICE,SHIPPING_DATE,EXPECT_ARRIVE) values (47,22,25,1,3.34,to_date('12-AUG-18','DD-MON-RR'),to_date('15-AUG-18','DD-MON-RR'));
Insert into ORDER_DETAIL (ID,ORDERID,BOOKID,QUANTITY,UNIT_PRICE,SHIPPING_DATE,EXPECT_ARRIVE) values (48,30,8,1,6.59,to_date('08-AUG-18','DD-MON-RR'),to_date('11-AUG-18','DD-MON-RR'));
Insert into ORDER_DETAIL (ID,ORDERID,BOOKID,QUANTITY,UNIT_PRICE,SHIPPING_DATE,EXPECT_ARRIVE) values (49,35,9,1,10.19,to_date('12-AUG-18','DD-MON-RR'),to_date('15-AUG-18','DD-MON-RR'));
Insert into ORDER_DETAIL (ID,ORDERID,BOOKID,QUANTITY,UNIT_PRICE,SHIPPING_DATE,EXPECT_ARRIVE) values (50,4,9,1,10.19,to_date('13-AUG-18','DD-MON-RR'),to_date('16-AUG-18','DD-MON-RR'));
Insert into ORDER_DETAIL (ID,ORDERID,BOOKID,QUANTITY,UNIT_PRICE,SHIPPING_DATE,EXPECT_ARRIVE) values (51,26,11,1,4.71,to_date('11-AUG-18','DD-MON-RR'),to_date('14-AUG-18','DD-MON-RR'));
Insert into ORDER_DETAIL (ID,ORDERID,BOOKID,QUANTITY,UNIT_PRICE,SHIPPING_DATE,EXPECT_ARRIVE) values (52,18,10,1,8.99,to_date('06-AUG-18','DD-MON-RR'),to_date('09-AUG-18','DD-MON-RR'));
Insert into ORDER_DETAIL (ID,ORDERID,BOOKID,QUANTITY,UNIT_PRICE,SHIPPING_DATE,EXPECT_ARRIVE) values (53,27,20,1,3.59,to_date('14-AUG-18','DD-MON-RR'),to_date('17-AUG-18','DD-MON-RR'));
Insert into ORDER_DETAIL (ID,ORDERID,BOOKID,QUANTITY,UNIT_PRICE,SHIPPING_DATE,EXPECT_ARRIVE) values (54,16,19,1,11.7,to_date('12-AUG-18','DD-MON-RR'),to_date('15-AUG-18','DD-MON-RR'));
Insert into ORDER_DETAIL (ID,ORDERID,BOOKID,QUANTITY,UNIT_PRICE,SHIPPING_DATE,EXPECT_ARRIVE) values (55,21,24,1,4.71,to_date('15-AUG-18','DD-MON-RR'),to_date('18-AUG-18','DD-MON-RR'));
Insert into ORDER_DETAIL (ID,ORDERID,BOOKID,QUANTITY,UNIT_PRICE,SHIPPING_DATE,EXPECT_ARRIVE) values (56,33,14,1,6.36,to_date('04-AUG-18','DD-MON-RR'),to_date('07-AUG-18','DD-MON-RR'));
Insert into ORDER_DETAIL (ID,ORDERID,BOOKID,QUANTITY,UNIT_PRICE,SHIPPING_DATE,EXPECT_ARRIVE) values (57,13,18,1,10.19,to_date('07-AUG-18','DD-MON-RR'),to_date('10-AUG-18','DD-MON-RR'));
Insert into ORDER_DETAIL (ID,ORDERID,BOOKID,QUANTITY,UNIT_PRICE,SHIPPING_DATE,EXPECT_ARRIVE) values (58,1,15,1,14.83,to_date('15-AUG-18','DD-MON-RR'),to_date('18-AUG-18','DD-MON-RR'));
Insert into ORDER_DETAIL (ID,ORDERID,BOOKID,QUANTITY,UNIT_PRICE,SHIPPING_DATE,EXPECT_ARRIVE) values (59,25,18,2,10.19,to_date('16-AUG-18','DD-MON-RR'),to_date('19-AUG-18','DD-MON-RR'));
Insert into ORDER_DETAIL (ID,ORDERID,BOOKID,QUANTITY,UNIT_PRICE,SHIPPING_DATE,EXPECT_ARRIVE) values (60,24,27,1,10.78,to_date('09-AUG-18','DD-MON-RR'),to_date('12-AUG-18','DD-MON-RR'));
Insert into ORDER_DETAIL (ID,ORDERID,BOOKID,QUANTITY,UNIT_PRICE,SHIPPING_DATE,EXPECT_ARRIVE) values (61,18,11,1,4.71,to_date('06-AUG-18','DD-MON-RR'),to_date('09-AUG-18','DD-MON-RR'));
Insert into ORDER_DETAIL (ID,ORDERID,BOOKID,QUANTITY,UNIT_PRICE,SHIPPING_DATE,EXPECT_ARRIVE) values (62,12,21,1,6.19,to_date('05-AUG-18','DD-MON-RR'),to_date('08-AUG-18','DD-MON-RR'));
Insert into ORDER_DETAIL (ID,ORDERID,BOOKID,QUANTITY,UNIT_PRICE,SHIPPING_DATE,EXPECT_ARRIVE) values (63,16,23,1,13.79,to_date('12-AUG-18','DD-MON-RR'),to_date('15-AUG-18','DD-MON-RR'));
Insert into ORDER_DETAIL (ID,ORDERID,BOOKID,QUANTITY,UNIT_PRICE,SHIPPING_DATE,EXPECT_ARRIVE) values (64,29,21,1,6.19,to_date('07-AUG-18','DD-MON-RR'),to_date('10-AUG-18','DD-MON-RR'));
Insert into ORDER_DETAIL (ID,ORDERID,BOOKID,QUANTITY,UNIT_PRICE,SHIPPING_DATE,EXPECT_ARRIVE) values (65,36,10,1,8.99,to_date('04-AUG-18','DD-MON-RR'),to_date('07-AUG-18','DD-MON-RR'));
Insert into ORDER_DETAIL (ID,ORDERID,BOOKID,QUANTITY,UNIT_PRICE,SHIPPING_DATE,EXPECT_ARRIVE) values (66,2,1,1,10.8,to_date('11-AUG-18','DD-MON-RR'),to_date('14-AUG-18','DD-MON-RR'));
Insert into ORDER_DETAIL (ID,ORDERID,BOOKID,QUANTITY,UNIT_PRICE,SHIPPING_DATE,EXPECT_ARRIVE) values (67,1,35,1,18.49,to_date('15-AUG-18','DD-MON-RR'),to_date('18-AUG-18','DD-MON-RR'));
Insert into ORDER_DETAIL (ID,ORDERID,BOOKID,QUANTITY,UNIT_PRICE,SHIPPING_DATE,EXPECT_ARRIVE) values (68,5,30,1,12.5,to_date('07-AUG-18','DD-MON-RR'),to_date('10-AUG-18','DD-MON-RR'));
Insert into ORDER_DETAIL (ID,ORDERID,BOOKID,QUANTITY,UNIT_PRICE,SHIPPING_DATE,EXPECT_ARRIVE) values (69,34,31,1,25.43,to_date('10-AUG-18','DD-MON-RR'),to_date('13-AUG-18','DD-MON-RR'));
Insert into ORDER_DETAIL (ID,ORDERID,BOOKID,QUANTITY,UNIT_PRICE,SHIPPING_DATE,EXPECT_ARRIVE) values (71,36,22,1,8.99,to_date('04-AUG-18','DD-MON-RR'),to_date('07-AUG-18','DD-MON-RR'));
Insert into ORDER_DETAIL (ID,ORDERID,BOOKID,QUANTITY,UNIT_PRICE,SHIPPING_DATE,EXPECT_ARRIVE) values (72,15,26,1,12.66,to_date('11-AUG-18','DD-MON-RR'),to_date('14-AUG-18','DD-MON-RR'));
Insert into ORDER_DETAIL (ID,ORDERID,BOOKID,QUANTITY,UNIT_PRICE,SHIPPING_DATE,EXPECT_ARRIVE) values (73,20,39,1,57.89,to_date('15-AUG-18','DD-MON-RR'),to_date('18-AUG-18','DD-MON-RR'));
Insert into ORDER_DETAIL (ID,ORDERID,BOOKID,QUANTITY,UNIT_PRICE,SHIPPING_DATE,EXPECT_ARRIVE) values (74,22,32,1,38.72,to_date('12-AUG-18','DD-MON-RR'),to_date('15-AUG-18','DD-MON-RR'));
Insert into ORDER_DETAIL (ID,ORDERID,BOOKID,QUANTITY,UNIT_PRICE,SHIPPING_DATE,EXPECT_ARRIVE) values (75,8,13,1,5.79,to_date('08-AUG-18','DD-MON-RR'),to_date('11-AUG-18','DD-MON-RR'));
Insert into ORDER_DETAIL (ID,ORDERID,BOOKID,QUANTITY,UNIT_PRICE,SHIPPING_DATE,EXPECT_ARRIVE) values (76,15,9,1,10.19,to_date('11-AUG-18','DD-MON-RR'),to_date('14-AUG-18','DD-MON-RR'));
Insert into ORDER_DETAIL (ID,ORDERID,BOOKID,QUANTITY,UNIT_PRICE,SHIPPING_DATE,EXPECT_ARRIVE) values (77,14,32,1,38.72,to_date('05-AUG-18','DD-MON-RR'),to_date('08-AUG-18','DD-MON-RR'));
Insert into ORDER_DETAIL (ID,ORDERID,BOOKID,QUANTITY,UNIT_PRICE,SHIPPING_DATE,EXPECT_ARRIVE) values (78,8,1,1,10.8,to_date('08-AUG-18','DD-MON-RR'),to_date('11-AUG-18','DD-MON-RR'));
Insert into ORDER_DETAIL (ID,ORDERID,BOOKID,QUANTITY,UNIT_PRICE,SHIPPING_DATE,EXPECT_ARRIVE) values (79,22,20,1,3.59,to_date('12-AUG-18','DD-MON-RR'),to_date('15-AUG-18','DD-MON-RR'));
Insert into ORDER_DETAIL (ID,ORDERID,BOOKID,QUANTITY,UNIT_PRICE,SHIPPING_DATE,EXPECT_ARRIVE) values (80,13,20,1,3.59,to_date('07-AUG-18','DD-MON-RR'),to_date('10-AUG-18','DD-MON-RR'));
Insert into ORDER_DETAIL (ID,ORDERID,BOOKID,QUANTITY,UNIT_PRICE,SHIPPING_DATE,EXPECT_ARRIVE) values (81,32,11,1,4.71,to_date('13-AUG-18','DD-MON-RR'),to_date('16-AUG-18','DD-MON-RR'));
Insert into ORDER_DETAIL (ID,ORDERID,BOOKID,QUANTITY,UNIT_PRICE,SHIPPING_DATE,EXPECT_ARRIVE) values (82,20,14,1,6.36,to_date('15-AUG-18','DD-MON-RR'),to_date('18-AUG-18','DD-MON-RR'));
Insert into ORDER_DETAIL (ID,ORDERID,BOOKID,QUANTITY,UNIT_PRICE,SHIPPING_DATE,EXPECT_ARRIVE) values (83,14,36,1,18.49,to_date('05-AUG-18','DD-MON-RR'),to_date('08-AUG-18','DD-MON-RR'));
Insert into ORDER_DETAIL (ID,ORDERID,BOOKID,QUANTITY,UNIT_PRICE,SHIPPING_DATE,EXPECT_ARRIVE) values (84,9,14,1,6.36,to_date('12-AUG-18','DD-MON-RR'),to_date('15-AUG-18','DD-MON-RR'));
Insert into ORDER_DETAIL (ID,ORDERID,BOOKID,QUANTITY,UNIT_PRICE,SHIPPING_DATE,EXPECT_ARRIVE) values (85,28,16,1,7.34,to_date('11-AUG-18','DD-MON-RR'),to_date('14-AUG-18','DD-MON-RR'));
Insert into ORDER_DETAIL (ID,ORDERID,BOOKID,QUANTITY,UNIT_PRICE,SHIPPING_DATE,EXPECT_ARRIVE) values (86,37,35,1,18.49,to_date('13-AUG-18','DD-MON-RR'),to_date('16-AUG-18','DD-MON-RR'));
Insert into ORDER_DETAIL (ID,ORDERID,BOOKID,QUANTITY,UNIT_PRICE,SHIPPING_DATE,EXPECT_ARRIVE) values (87,21,5,1,10.19,to_date('15-AUG-18','DD-MON-RR'),to_date('18-AUG-18','DD-MON-RR'));
Insert into ORDER_DETAIL (ID,ORDERID,BOOKID,QUANTITY,UNIT_PRICE,SHIPPING_DATE,EXPECT_ARRIVE) values (88,20,36,1,18.49,to_date('15-AUG-18','DD-MON-RR'),to_date('18-AUG-18','DD-MON-RR'));
Insert into ORDER_DETAIL (ID,ORDERID,BOOKID,QUANTITY,UNIT_PRICE,SHIPPING_DATE,EXPECT_ARRIVE) values (89,3,4,1,6.59,to_date('06-AUG-18','DD-MON-RR'),to_date('09-AUG-18','DD-MON-RR'));
Insert into ORDER_DETAIL (ID,ORDERID,BOOKID,QUANTITY,UNIT_PRICE,SHIPPING_DATE,EXPECT_ARRIVE) values (90,21,8,1,6.59,to_date('15-AUG-18','DD-MON-RR'),to_date('18-AUG-18','DD-MON-RR'));
Insert into ORDER_DETAIL (ID,ORDERID,BOOKID,QUANTITY,UNIT_PRICE,SHIPPING_DATE,EXPECT_ARRIVE) values (91,2,18,1,10.19,to_date('11-AUG-18','DD-MON-RR'),to_date('14-AUG-18','DD-MON-RR'));
Insert into ORDER_DETAIL (ID,ORDERID,BOOKID,QUANTITY,UNIT_PRICE,SHIPPING_DATE,EXPECT_ARRIVE) values (92,7,21,1,6.19,to_date('03-AUG-18','DD-MON-RR'),to_date('06-AUG-18','DD-MON-RR'));
Insert into ORDER_DETAIL (ID,ORDERID,BOOKID,QUANTITY,UNIT_PRICE,SHIPPING_DATE,EXPECT_ARRIVE) values (93,6,33,1,15.26,to_date('16-AUG-18','DD-MON-RR'),to_date('19-AUG-18','DD-MON-RR'));
Insert into ORDER_DETAIL (ID,ORDERID,BOOKID,QUANTITY,UNIT_PRICE,SHIPPING_DATE,EXPECT_ARRIVE) values (94,34,32,1,38.72,to_date('10-AUG-18','DD-MON-RR'),to_date('13-AUG-18','DD-MON-RR'));
Insert into ORDER_DETAIL (ID,ORDERID,BOOKID,QUANTITY,UNIT_PRICE,SHIPPING_DATE,EXPECT_ARRIVE) values (95,32,27,1,10.78,to_date('13-AUG-18','DD-MON-RR'),to_date('16-AUG-18','DD-MON-RR'));
Insert into ORDER_DETAIL (ID,ORDERID,BOOKID,QUANTITY,UNIT_PRICE,SHIPPING_DATE,EXPECT_ARRIVE) values (96,1,38,1,11.61,to_date('15-AUG-18','DD-MON-RR'),to_date('18-AUG-18','DD-MON-RR'));
Insert into ORDER_DETAIL (ID,ORDERID,BOOKID,QUANTITY,UNIT_PRICE,SHIPPING_DATE,EXPECT_ARRIVE) values (97,28,1,1,10.8,to_date('11-AUG-18','DD-MON-RR'),to_date('14-AUG-18','DD-MON-RR'));
Insert into ORDER_DETAIL (ID,ORDERID,BOOKID,QUANTITY,UNIT_PRICE,SHIPPING_DATE,EXPECT_ARRIVE) values (98,29,23,1,13.79,to_date('07-AUG-18','DD-MON-RR'),to_date('10-AUG-18','DD-MON-RR'));
Insert into ORDER_DETAIL (ID,ORDERID,BOOKID,QUANTITY,UNIT_PRICE,SHIPPING_DATE,EXPECT_ARRIVE) values (99,4,27,1,10.78,to_date('13-AUG-18','DD-MON-RR'),to_date('16-AUG-18','DD-MON-RR'));
Insert into ORDER_DETAIL (ID,ORDERID,BOOKID,QUANTITY,UNIT_PRICE,SHIPPING_DATE,EXPECT_ARRIVE) values (100,21,4,1,6.59,to_date('15-AUG-18','DD-MON-RR'),to_date('18-AUG-18','DD-MON-RR'));
Insert into ORDER_DETAIL (ID,ORDERID,BOOKID,QUANTITY,UNIT_PRICE,SHIPPING_DATE,EXPECT_ARRIVE) values (104,39,11,1,55.05,to_date('18-SEP-18','DD-MON-RR'),to_date('21-SEP-18','DD-MON-RR'));
Insert into ORDER_DETAIL (ID,ORDERID,BOOKID,QUANTITY,UNIT_PRICE,SHIPPING_DATE,EXPECT_ARRIVE) values (110,69,2,1,5.06,to_date('18-SEP-18','DD-MON-RR'),to_date('21-SEP-18','DD-MON-RR'));
Insert into ORDER_DETAIL (ID,ORDERID,BOOKID,QUANTITY,UNIT_PRICE,SHIPPING_DATE,EXPECT_ARRIVE) values (111,70,34,2,11.67,to_date('18-SEP-18','DD-MON-RR'),to_date('21-SEP-18','DD-MON-RR'));
Insert into ORDER_DETAIL (ID,ORDERID,BOOKID,QUANTITY,UNIT_PRICE,SHIPPING_DATE,EXPECT_ARRIVE) values (112,71,34,3,11.67,to_date('18-SEP-18','DD-MON-RR'),to_date('21-SEP-18','DD-MON-RR'));
Insert into ORDER_DETAIL (ID,ORDERID,BOOKID,QUANTITY,UNIT_PRICE,SHIPPING_DATE,EXPECT_ARRIVE) values (113,72,8,1,7.8,to_date('18-SEP-18','DD-MON-RR'),to_date('21-SEP-18','DD-MON-RR'));
Insert into ORDER_DETAIL (ID,ORDERID,BOOKID,QUANTITY,UNIT_PRICE,SHIPPING_DATE,EXPECT_ARRIVE) values (114,73,20,2,3.59,to_date('18-SEP-18','DD-MON-RR'),to_date('21-SEP-18','DD-MON-RR'));
Insert into ORDER_DETAIL (ID,ORDERID,BOOKID,QUANTITY,UNIT_PRICE,SHIPPING_DATE,EXPECT_ARRIVE) values (115,74,23,1,13.79,to_date('18-SEP-18','DD-MON-RR'),to_date('21-SEP-18','DD-MON-RR'));

REM INSERTING into PRICE_HISTORY
SET DEFINE OFF;
Insert into PRICE_HISTORY (BOOKID,STARTDATE,ENDDATE,INVOICEPRICE,SELLPRICE,CREATEDATE) values (42,to_date('12-SEP-18','DD-MON-RR'),null,3.7,4.5,to_date('12-SEP-18','DD-MON-RR'));
Insert into PRICE_HISTORY (BOOKID,STARTDATE,ENDDATE,INVOICEPRICE,SELLPRICE,CREATEDATE) values (42,to_date('13-SEP-18','DD-MON-RR'),null,3.7,4.5,to_date('13-SEP-18','DD-MON-RR'));
Insert into PRICE_HISTORY (BOOKID,STARTDATE,ENDDATE,INVOICEPRICE,SELLPRICE,CREATEDATE) values (41,to_date('13-SEP-18','DD-MON-RR'),null,33.59,41.99,to_date('13-SEP-18','DD-MON-RR'));
Insert into PRICE_HISTORY (BOOKID,STARTDATE,ENDDATE,INVOICEPRICE,SELLPRICE,CREATEDATE) values (28,to_date('05-SEP-18','DD-MON-RR'),null,12.5,19.99,to_date('05-SEP-18','DD-MON-RR'));
Insert into PRICE_HISTORY (BOOKID,STARTDATE,ENDDATE,INVOICEPRICE,SELLPRICE,CREATEDATE) values (17,to_date('13-SEP-18','DD-MON-RR'),null,5.27,15,to_date('13-SEP-18','DD-MON-RR'));
Insert into PRICE_HISTORY (BOOKID,STARTDATE,ENDDATE,INVOICEPRICE,SELLPRICE,CREATEDATE) values (8,to_date('13-SEP-18','DD-MON-RR'),null,5.6,7.8,to_date('13-SEP-18','DD-MON-RR'));
Insert into PRICE_HISTORY (BOOKID,STARTDATE,ENDDATE,INVOICEPRICE,SELLPRICE,CREATEDATE) values (11,to_date('16-AUG-18','DD-MON-RR'),null,9,55.05,to_date('16-AUG-18','DD-MON-RR'));
Insert into PRICE_HISTORY (BOOKID,STARTDATE,ENDDATE,INVOICEPRICE,SELLPRICE,CREATEDATE) values (1,to_date('31-JUL-18','DD-MON-RR'),null,8.64,10.8,to_date('29-JUL-18','DD-MON-RR'));
Insert into PRICE_HISTORY (BOOKID,STARTDATE,ENDDATE,INVOICEPRICE,SELLPRICE,CREATEDATE) values (2,to_date('31-JUL-18','DD-MON-RR'),null,4.05,5.06,to_date('29-JUL-18','DD-MON-RR'));
Insert into PRICE_HISTORY (BOOKID,STARTDATE,ENDDATE,INVOICEPRICE,SELLPRICE,CREATEDATE) values (3,to_date('31-JUL-18','DD-MON-RR'),null,5.09,6.36,to_date('29-JUL-18','DD-MON-RR'));
Insert into PRICE_HISTORY (BOOKID,STARTDATE,ENDDATE,INVOICEPRICE,SELLPRICE,CREATEDATE) values (4,to_date('31-JUL-18','DD-MON-RR'),null,5.27,6.59,to_date('29-JUL-18','DD-MON-RR'));
Insert into PRICE_HISTORY (BOOKID,STARTDATE,ENDDATE,INVOICEPRICE,SELLPRICE,CREATEDATE) values (5,to_date('31-JUL-18','DD-MON-RR'),null,8.15,10.19,to_date('29-JUL-18','DD-MON-RR'));
Insert into PRICE_HISTORY (BOOKID,STARTDATE,ENDDATE,INVOICEPRICE,SELLPRICE,CREATEDATE) values (6,to_date('31-JUL-18','DD-MON-RR'),null,9.71,12.14,to_date('29-JUL-18','DD-MON-RR'));
Insert into PRICE_HISTORY (BOOKID,STARTDATE,ENDDATE,INVOICEPRICE,SELLPRICE,CREATEDATE) values (7,to_date('31-JUL-18','DD-MON-RR'),null,5.09,6.36,to_date('29-JUL-18','DD-MON-RR'));
Insert into PRICE_HISTORY (BOOKID,STARTDATE,ENDDATE,INVOICEPRICE,SELLPRICE,CREATEDATE) values (8,to_date('31-JUL-18','DD-MON-RR'),null,5.27,6.59,to_date('29-JUL-18','DD-MON-RR'));
Insert into PRICE_HISTORY (BOOKID,STARTDATE,ENDDATE,INVOICEPRICE,SELLPRICE,CREATEDATE) values (9,to_date('31-JUL-18','DD-MON-RR'),to_date('17-SEP-18','DD-MON-RR'),8.15,10.19,to_date('29-JUL-18','DD-MON-RR'));
Insert into PRICE_HISTORY (BOOKID,STARTDATE,ENDDATE,INVOICEPRICE,SELLPRICE,CREATEDATE) values (10,to_date('31-JUL-18','DD-MON-RR'),null,7.19,8.99,to_date('29-JUL-18','DD-MON-RR'));
Insert into PRICE_HISTORY (BOOKID,STARTDATE,ENDDATE,INVOICEPRICE,SELLPRICE,CREATEDATE) values (11,to_date('31-JUL-18','DD-MON-RR'),to_date('15-AUG-18','DD-MON-RR'),3.77,4.71,to_date('29-JUL-18','DD-MON-RR'));
Insert into PRICE_HISTORY (BOOKID,STARTDATE,ENDDATE,INVOICEPRICE,SELLPRICE,CREATEDATE) values (12,to_date('31-JUL-18','DD-MON-RR'),null,9.71,12.14,to_date('29-JUL-18','DD-MON-RR'));
Insert into PRICE_HISTORY (BOOKID,STARTDATE,ENDDATE,INVOICEPRICE,SELLPRICE,CREATEDATE) values (13,to_date('31-JUL-18','DD-MON-RR'),null,4.63,5.79,to_date('29-JUL-18','DD-MON-RR'));
Insert into PRICE_HISTORY (BOOKID,STARTDATE,ENDDATE,INVOICEPRICE,SELLPRICE,CREATEDATE) values (14,to_date('31-JUL-18','DD-MON-RR'),null,5.09,6.36,to_date('29-JUL-18','DD-MON-RR'));
Insert into PRICE_HISTORY (BOOKID,STARTDATE,ENDDATE,INVOICEPRICE,SELLPRICE,CREATEDATE) values (15,to_date('31-JUL-18','DD-MON-RR'),null,11.86,14.83,to_date('29-JUL-18','DD-MON-RR'));
Insert into PRICE_HISTORY (BOOKID,STARTDATE,ENDDATE,INVOICEPRICE,SELLPRICE,CREATEDATE) values (16,to_date('31-JUL-18','DD-MON-RR'),null,5.87,7.34,to_date('29-JUL-18','DD-MON-RR'));
Insert into PRICE_HISTORY (BOOKID,STARTDATE,ENDDATE,INVOICEPRICE,SELLPRICE,CREATEDATE) values (17,to_date('31-JUL-18','DD-MON-RR'),null,5.27,15,to_date('29-JUL-18','DD-MON-RR'));
Insert into PRICE_HISTORY (BOOKID,STARTDATE,ENDDATE,INVOICEPRICE,SELLPRICE,CREATEDATE) values (18,to_date('31-JUL-18','DD-MON-RR'),null,8.15,10.19,to_date('29-JUL-18','DD-MON-RR'));
Insert into PRICE_HISTORY (BOOKID,STARTDATE,ENDDATE,INVOICEPRICE,SELLPRICE,CREATEDATE) values (19,to_date('31-JUL-18','DD-MON-RR'),null,9.36,11.7,to_date('29-JUL-18','DD-MON-RR'));
Insert into PRICE_HISTORY (BOOKID,STARTDATE,ENDDATE,INVOICEPRICE,SELLPRICE,CREATEDATE) values (20,to_date('31-JUL-18','DD-MON-RR'),null,2.87,3.59,to_date('29-JUL-18','DD-MON-RR'));
Insert into PRICE_HISTORY (BOOKID,STARTDATE,ENDDATE,INVOICEPRICE,SELLPRICE,CREATEDATE) values (21,to_date('31-JUL-18','DD-MON-RR'),null,4.95,6.19,to_date('29-JUL-18','DD-MON-RR'));
Insert into PRICE_HISTORY (BOOKID,STARTDATE,ENDDATE,INVOICEPRICE,SELLPRICE,CREATEDATE) values (22,to_date('31-JUL-18','DD-MON-RR'),null,7.19,8.99,to_date('29-JUL-18','DD-MON-RR'));
Insert into PRICE_HISTORY (BOOKID,STARTDATE,ENDDATE,INVOICEPRICE,SELLPRICE,CREATEDATE) values (23,to_date('31-JUL-18','DD-MON-RR'),null,11.03,13.79,to_date('29-JUL-18','DD-MON-RR'));
Insert into PRICE_HISTORY (BOOKID,STARTDATE,ENDDATE,INVOICEPRICE,SELLPRICE,CREATEDATE) values (24,to_date('31-JUL-18','DD-MON-RR'),null,3.77,4.71,to_date('29-JUL-18','DD-MON-RR'));
Insert into PRICE_HISTORY (BOOKID,STARTDATE,ENDDATE,INVOICEPRICE,SELLPRICE,CREATEDATE) values (25,to_date('31-JUL-18','DD-MON-RR'),null,2.67,3.34,to_date('29-JUL-18','DD-MON-RR'));
Insert into PRICE_HISTORY (BOOKID,STARTDATE,ENDDATE,INVOICEPRICE,SELLPRICE,CREATEDATE) values (26,to_date('31-JUL-18','DD-MON-RR'),null,10.13,12.66,to_date('29-JUL-18','DD-MON-RR'));
Insert into PRICE_HISTORY (BOOKID,STARTDATE,ENDDATE,INVOICEPRICE,SELLPRICE,CREATEDATE) values (27,to_date('31-JUL-18','DD-MON-RR'),null,8.62,10.78,to_date('29-JUL-18','DD-MON-RR'));
Insert into PRICE_HISTORY (BOOKID,STARTDATE,ENDDATE,INVOICEPRICE,SELLPRICE,CREATEDATE) values (28,to_date('31-JUL-18','DD-MON-RR'),null,41.14,51.43,to_date('29-JUL-18','DD-MON-RR'));
Insert into PRICE_HISTORY (BOOKID,STARTDATE,ENDDATE,INVOICEPRICE,SELLPRICE,CREATEDATE) values (29,to_date('31-JUL-18','DD-MON-RR'),null,44.59,55.74,to_date('29-JUL-18','DD-MON-RR'));
Insert into PRICE_HISTORY (BOOKID,STARTDATE,ENDDATE,INVOICEPRICE,SELLPRICE,CREATEDATE) values (30,to_date('31-JUL-18','DD-MON-RR'),null,10,12.5,to_date('29-JUL-18','DD-MON-RR'));
Insert into PRICE_HISTORY (BOOKID,STARTDATE,ENDDATE,INVOICEPRICE,SELLPRICE,CREATEDATE) values (31,to_date('31-JUL-18','DD-MON-RR'),null,20.34,25.43,to_date('29-JUL-18','DD-MON-RR'));
Insert into PRICE_HISTORY (BOOKID,STARTDATE,ENDDATE,INVOICEPRICE,SELLPRICE,CREATEDATE) values (32,to_date('31-JUL-18','DD-MON-RR'),null,30.98,38.72,to_date('29-JUL-18','DD-MON-RR'));
Insert into PRICE_HISTORY (BOOKID,STARTDATE,ENDDATE,INVOICEPRICE,SELLPRICE,CREATEDATE) values (33,to_date('31-JUL-18','DD-MON-RR'),null,12.21,15.26,to_date('29-JUL-18','DD-MON-RR'));
Insert into PRICE_HISTORY (BOOKID,STARTDATE,ENDDATE,INVOICEPRICE,SELLPRICE,CREATEDATE) values (34,to_date('31-JUL-18','DD-MON-RR'),null,9.34,11.67,to_date('29-JUL-18','DD-MON-RR'));
Insert into PRICE_HISTORY (BOOKID,STARTDATE,ENDDATE,INVOICEPRICE,SELLPRICE,CREATEDATE) values (35,to_date('31-JUL-18','DD-MON-RR'),null,14.79,18.49,to_date('29-JUL-18','DD-MON-RR'));
Insert into PRICE_HISTORY (BOOKID,STARTDATE,ENDDATE,INVOICEPRICE,SELLPRICE,CREATEDATE) values (36,to_date('31-JUL-18','DD-MON-RR'),null,14.79,18.49,to_date('29-JUL-18','DD-MON-RR'));
Insert into PRICE_HISTORY (BOOKID,STARTDATE,ENDDATE,INVOICEPRICE,SELLPRICE,CREATEDATE) values (37,to_date('31-JUL-18','DD-MON-RR'),null,44.59,55.74,to_date('29-JUL-18','DD-MON-RR'));
Insert into PRICE_HISTORY (BOOKID,STARTDATE,ENDDATE,INVOICEPRICE,SELLPRICE,CREATEDATE) values (38,to_date('31-JUL-18','DD-MON-RR'),null,9.29,11.61,to_date('29-JUL-18','DD-MON-RR'));
Insert into PRICE_HISTORY (BOOKID,STARTDATE,ENDDATE,INVOICEPRICE,SELLPRICE,CREATEDATE) values (39,to_date('31-JUL-18','DD-MON-RR'),null,46.31,57.89,to_date('29-JUL-18','DD-MON-RR'));
Insert into PRICE_HISTORY (BOOKID,STARTDATE,ENDDATE,INVOICEPRICE,SELLPRICE,CREATEDATE) values (40,to_date('31-JUL-18','DD-MON-RR'),null,28,35,to_date('29-JUL-18','DD-MON-RR'));
Insert into PRICE_HISTORY (BOOKID,STARTDATE,ENDDATE,INVOICEPRICE,SELLPRICE,CREATEDATE) values (41,to_date('31-JUL-18','DD-MON-RR'),null,33.59,41.99,to_date('29-JUL-18','DD-MON-RR'));
Insert into PRICE_HISTORY (BOOKID,STARTDATE,ENDDATE,INVOICEPRICE,SELLPRICE,CREATEDATE) values (42,to_date('31-JUL-18','DD-MON-RR'),null,39.99,49.99,to_date('29-JUL-18','DD-MON-RR'));
Insert into PRICE_HISTORY (BOOKID,STARTDATE,ENDDATE,INVOICEPRICE,SELLPRICE,CREATEDATE) values (11,to_date('15-AUG-18','DD-MON-RR'),null,9,55.05,to_date('15-AUG-18','DD-MON-RR'));
Insert into PRICE_HISTORY (BOOKID,STARTDATE,ENDDATE,INVOICEPRICE,SELLPRICE,CREATEDATE) values (6,to_date('13-SEP-18','DD-MON-RR'),null,5,7,to_date('13-SEP-18','DD-MON-RR'));
Insert into PRICE_HISTORY (BOOKID,STARTDATE,ENDDATE,INVOICEPRICE,SELLPRICE,CREATEDATE) values (34,to_date('13-SEP-18','DD-MON-RR'),null,23.78,34,to_date('13-SEP-18','DD-MON-RR'));
Insert into PRICE_HISTORY (BOOKID,STARTDATE,ENDDATE,INVOICEPRICE,SELLPRICE,CREATEDATE) values (28,to_date('13-SEP-18','DD-MON-RR'),null,12.5,15.6,to_date('13-SEP-18','DD-MON-RR'));
Insert into PRICE_HISTORY (BOOKID,STARTDATE,ENDDATE,INVOICEPRICE,SELLPRICE,CREATEDATE) values (9,to_date('18-SEP-18','DD-MON-RR'),null,5.2,10.4,to_date('18-SEP-18','DD-MON-RR'));

REM INSERTING into REVIEW
SET DEFINE OFF;
Insert into REVIEW (ID,BOOKID,POSTERID,COMMENTS,CREATEDATE,RATING) values (22,42,27,'Java Data Mining is a book written for data mining practitioners. Even if the word Java appears in the title, practitioners of other languages or software may be interested by the first part of the book (Strategy), which is really worth reading. The other parts of the book focus on the JDM API itself (Standards), problem solving with case study (Practice) and finally evolution of standards in data mining (Wrapping Up).',to_date('10-AUG-18','DD-MON-RR'),1);
Insert into REVIEW (ID,BOOKID,POSTERID,COMMENTS,CREATEDATE,RATING) values (23,18,2,'I have a three-year-old and he loves this book. I had been reading Dr. Seuss''''s ABC book to him for a while, and he''''d enjoyed the crazy drawings and fun rhymes that fill every Dr. Seuss book. But he''''d seemed to have gotten used to that one and while searching Amazon as his third B-Day neared I came across this one.',to_date('12-AUG-18','DD-MON-RR'),2);
Insert into REVIEW (ID,BOOKID,POSTERID,COMMENTS,CREATEDATE,RATING) values (24,6,10,'My one and only complaint is why jack-o''''-lantern for j? Why not jacket or something. My nephew enjoyed spelling each and every page out to me but he struggled with that one',to_date('14-AUG-18','DD-MON-RR'),1);
Insert into REVIEW (ID,BOOKID,POSTERID,COMMENTS,CREATEDATE,RATING) values (25,10,18,'Where the Wild Things Are is one of those truly rare books that can be enjoyed equally by a child and a grown-up. If you disagree, then it''''''''s been too long since you''''''''ve attended a wild rumpus. Max dons his wolf suit in pursuit of some mischief and gets sent to bed without supper. Fortuitously, a forest grows in his room, allowing his wild rampage to continue unimpaired. Sendak''''''''s color illustrations (perhaps his finest) are beautiful, and each turn of the page brings the discovery of a new wonder. ',to_date('04-AUG-18','DD-MON-RR'),5);
Insert into REVIEW (ID,BOOKID,POSTERID,COMMENTS,CREATEDATE,RATING) values (26,2,2,'The wild things--with their mismatched parts and giant eyes--manage somehow to be scary-looking without ever really being scary; at times they''''''''re downright hilarious. Sendak''''''''s defiantly run-on sentences--one of his trademarks--lend the perfect touch of stream of consciousness to the tale, which floats between the land of dreams and a child''''''''s imagination. ',to_date('06-AUG-18','DD-MON-RR'),2);
Insert into REVIEW (ID,BOOKID,POSTERID,COMMENTS,CREATEDATE,RATING) values (27,11,4,'This Sendak classic is more fun than you''''''''ve ever had in a wolf suit, and it manages to reaffirm the notion that there''''''''s no place like home. ',to_date('10-AUG-18','DD-MON-RR'),3);
Insert into REVIEW (ID,BOOKID,POSTERID,COMMENTS,CREATEDATE,RATING) values (28,2,39,'I love this book! It''''s so creatively written and even makes me giggle. The critters behind the flaps make it even more exciting for my nephew.',to_date('06-AUG-18','DD-MON-RR'),2);
Insert into REVIEW (ID,BOOKID,POSTERID,COMMENTS,CREATEDATE,RATING) values (29,10,13,'Good book. My daughter enjoys the lift the flap style. She has others that she prefers though.',to_date('13-AUG-18','DD-MON-RR'),5);
Insert into REVIEW (ID,BOOKID,POSTERID,COMMENTS,CREATEDATE,RATING) values (30,20,21,'This is one of our favorite books. We have printed out pictures of each of the animals in the book, laminated them, and then hide them in my 3 year old''''s bedroom with a removable tacky putty. I move them around as she remembers where they are, but as we read the book, I ask her to find the animals. I also made her binoculars by putting colored paper around two toilet paper rolls that I hot glued together and attached a string at one end to go around her neck, when monitored. She loves it and it makes the book and story that much more enjoyable. The hard board book is very durable and great!',to_date('08-AUG-18','DD-MON-RR'),2);
Insert into REVIEW (ID,BOOKID,POSTERID,COMMENTS,CREATEDATE,RATING) values (31,15,3,'This is the very best book I have come across to teach and gain the big picture of the effects of being kind. My 6 year old daughter finally gets it. I even wish I had this book as a kid! It is awesome!',to_date('07-AUG-18','DD-MON-RR'),1);
Insert into REVIEW (ID,BOOKID,POSTERID,COMMENTS,CREATEDATE,RATING) values (32,12,21,'There''''s not much that hasn''''t been said about this timeless book. All I can say is I had never heard of it until my wife got pregnant and I began looking into books for babies/toddlers. This was at the top of my list after researching, and I''''m so happy to have purchased it. The art, wording, alternating black and white with color pages, and storyline are wonderful. It engages my son, he loves looking at the bunnies, and it truly is a calming book for everyone before bedtime. This was written over 60 years ago, so it makes you feel a bit like you''''re in a bygone era. Simplicity, values, family and education are all focused on in this book. We''''ve been reading it weekly for the past 20 months, and will continue to do so for another 40! I highly recommend this book, along with other Margaret Wise Brown books.',to_date('11-AUG-18','DD-MON-RR'),2);
Insert into REVIEW (ID,BOOKID,POSTERID,COMMENTS,CREATEDATE,RATING) values (33,3,39,'I have been wanting this book FOREVER. It was picked as one of our Book of the Month selections at school so copies were ordered for everyone! So why is this book so uber cool in my opinion? It teaches kids ALL about their brains but most importantly:',to_date('08-AUG-18','DD-MON-RR'),5);
Insert into REVIEW (ID,BOOKID,POSTERID,COMMENTS,CREATEDATE,RATING) values (34,34,24,'This review covers both Core Java Volume I--Fundamentals (9th Edition) and Core Java, Volume II--Advanced Features (9th Edition). Both books are part of the Prentice Hall Core Series.',to_date('07-AUG-18','DD-MON-RR'),2);
Insert into REVIEW (ID,BOOKID,POSTERID,COMMENTS,CREATEDATE,RATING) values (35,34,37,'I actually got Volume II first and liked it so much I ordered Volume I. I felt like I was missing the first half of the story. Especially when I downloaded the code and both volumes were included.',to_date('11-AUG-18','DD-MON-RR'),4);
Insert into REVIEW (ID,BOOKID,POSTERID,COMMENTS,CREATEDATE,RATING) values (36,35,4,'The book also lets you seen behind the scenes of Java programming in a way you possibly never have before, because Joshua Block is one of the developers behind Java itself, and all the main Oracle supported libraries. As such he can tell you that certain implementations in the standard Java libraries actually violate various best practices (either by accident or because those best practices hadn''''t emerged at the time of development). Almost always he will note that the problem cannot be fixed due to backward compatibility and has consequences to this day. Very few textbooks actually let you see inside details like this.',to_date('07-AUG-18','DD-MON-RR'),3);
Insert into REVIEW (ID,BOOKID,POSTERID,COMMENTS,CREATEDATE,RATING) values (37,32,16,'Herbert Schildt is one of the best authors for Java, this updated edition is a must-have for any Java developer. A great reference book that covers the new Java 9 recently released.',to_date('13-AUG-18','DD-MON-RR'),5);
Insert into REVIEW (ID,BOOKID,POSTERID,COMMENTS,CREATEDATE,RATING) values (38,32,21,'This Book Absolutely for Beginners:',to_date('06-AUG-18','DD-MON-RR'),3);
Insert into REVIEW (ID,BOOKID,POSTERID,COMMENTS,CREATEDATE,RATING) values (39,30,20,'“Java Programming” covers all essential Java knowledge. You can learn complete primary skills of Java fast and easily. The book includes more than 80 practical examples for beginners and includes 100 tests & answers for the college exam, the engineer certification exam, and the job interview exam. ',to_date('14-AUG-18','DD-MON-RR'),2);
Insert into REVIEW (ID,BOOKID,POSTERID,COMMENTS,CREATEDATE,RATING) values (40,35,34,'As someone who does not come from a computer science background but works as a software engineer, I''''ve had learning data structures and algorithms on my bucket list for quite some time. Working within the Ruby on Rails and SQL worlds has had me heavily shielded from the ideas and concepts of DS&A. My primary goal was to learn enough to pass the stereotypical Google/Amazon/Microsoft/Yahoo coding exam as well as conduct a similar engineering interview from the opposite end of the table. Since textbooks are my preferred way of learning, I set out in search of the DS&A book that would allow me to reach that goal.',to_date('01-AUG-18','DD-MON-RR'),5);
Insert into REVIEW (ID,BOOKID,POSTERID,COMMENTS,CREATEDATE,RATING) values (41,35,9,'I am loving this book. I had some prior knowledge of Java and this book is making a lot more concepts clear that weren''''t that clear before. Thank you so much to the author. I plan to finish the book as soon as I can to appear for my OCA first and then my OCP exam.',to_date('02-AUG-18','DD-MON-RR'),4);
Insert into REVIEW (ID,BOOKID,POSTERID,COMMENTS,CREATEDATE,RATING) values (42,31,18,'Really the best introductory Java book I ever have read!!!! Hope the authors can write more computer books like Advanced Java and more! I am able to pick up coding easily just by reading your books :)',to_date('05-AUG-18','DD-MON-RR'),4);
Insert into REVIEW (ID,BOOKID,POSTERID,COMMENTS,CREATEDATE,RATING) values (43,30,26,'Appreciate it lots that the authors have produced such a masterpiece of writing! :)',to_date('05-AUG-18','DD-MON-RR'),1);
Insert into REVIEW (ID,BOOKID,POSTERID,COMMENTS,CREATEDATE,RATING) values (44,36,17,'Java Data Mining is a book written for data mining practitioners. Even if the word Java appears in the title, practitioners of other languages or software may be interested by the first part of the book (Strategy), which is really worth reading. The other parts of the book focus on the JDM API itself (Standards), problem solving with case study (Practice) and finally evolution of standards in data mining (Wrapping Up).',to_date('07-AUG-18','DD-MON-RR'),1);
Insert into REVIEW (ID,BOOKID,POSTERID,COMMENTS,CREATEDATE,RATING) values (1,1,8,'I have a three-year-old and he loves this book. I had been reading Dr. Seuss''''s ABC book to him for a while, and he''''d enjoyed the crazy drawings and fun rhymes that fill every Dr. Seuss book. But he''''d seemed to have gotten used to that one and while searching Amazon as his third B-Day neared I came across this one.',to_date('06-AUG-18','DD-MON-RR'),3);
Insert into REVIEW (ID,BOOKID,POSTERID,COMMENTS,CREATEDATE,RATING) values (2,1,26,'My one and only complaint is why jack-o''''-lantern for j? Why not jacket or something. My nephew enjoyed spelling each and every page out to me but he struggled with that one',to_date('01-AUG-18','DD-MON-RR'),5);
Insert into REVIEW (ID,BOOKID,POSTERID,COMMENTS,CREATEDATE,RATING) values (3,3,30,'Where the Wild Things Are is one of those truly rare books that can be enjoyed equally by a child and a grown-up. If you disagree, then it''''''''s been too long since you''''''''ve attended a wild rumpus. Max dons his wolf suit in pursuit of some mischief and gets sent to bed without supper. Fortuitously, a forest grows in his room, allowing his wild rampage to continue unimpaired. Sendak''''''''s color illustrations (perhaps his finest) are beautiful, and each turn of the page brings the discovery of a new wonder. ',to_date('09-AUG-18','DD-MON-RR'),1);
Insert into REVIEW (ID,BOOKID,POSTERID,COMMENTS,CREATEDATE,RATING) values (4,3,1,'The wild things--with their mismatched parts and giant eyes--manage somehow to be scary-looking without ever really being scary; at times they''''''''re downright hilarious. Sendak''''''''s defiantly run-on sentences--one of his trademarks--lend the perfect touch of stream of consciousness to the tale, which floats between the land of dreams and a child''''''''s imagination. ',to_date('11-AUG-18','DD-MON-RR'),2);
Insert into REVIEW (ID,BOOKID,POSTERID,COMMENTS,CREATEDATE,RATING) values (5,3,22,'This Sendak classic is more fun than you''''''''ve ever had in a wolf suit, and it manages to reaffirm the notion that there''''''''s no place like home. ',to_date('01-AUG-18','DD-MON-RR'),2);
Insert into REVIEW (ID,BOOKID,POSTERID,COMMENTS,CREATEDATE,RATING) values (6,11,3,'I love this book! It''''s so creatively written and even makes me giggle. The critters behind the flaps make it even more exciting for my nephew.',to_date('06-AUG-18','DD-MON-RR'),5);
Insert into REVIEW (ID,BOOKID,POSTERID,COMMENTS,CREATEDATE,RATING) values (7,11,29,'Good book. My daughter enjoys the lift the flap style. She has others that she prefers though.',to_date('10-AUG-18','DD-MON-RR'),2);
Insert into REVIEW (ID,BOOKID,POSTERID,COMMENTS,CREATEDATE,RATING) values (8,17,22,'This is one of our favorite books. We have printed out pictures of each of the animals in the book, laminated them, and then hide them in my 3 year old''''s bedroom with a removable tacky putty. I move them around as she remembers where they are, but as we read the book, I ask her to find the animals. I also made her binoculars by putting colored paper around two toilet paper rolls that I hot glued together and attached a string at one end to go around her neck, when monitored. She loves it and it makes the book and story that much more enjoyable. The hard board book is very durable and great!',to_date('07-AUG-18','DD-MON-RR'),5);
Insert into REVIEW (ID,BOOKID,POSTERID,COMMENTS,CREATEDATE,RATING) values (9,19,4,'This is the very best book I have come across to teach and gain the big picture of the effects of being kind. My 6 year old daughter finally gets it. I even wish I had this book as a kid! It is awesome!',to_date('02-AUG-18','DD-MON-RR'),1);
Insert into REVIEW (ID,BOOKID,POSTERID,COMMENTS,CREATEDATE,RATING) values (10,21,20,'There''''s not much that hasn''''t been said about this timeless book. All I can say is I had never heard of it until my wife got pregnant and I began looking into books for babies/toddlers. This was at the top of my list after researching, and I''''m so happy to have purchased it. The art, wording, alternating black and white with color pages, and storyline are wonderful. It engages my son, he loves looking at the bunnies, and it truly is a calming book for everyone before bedtime. This was written over 60 years ago, so it makes you feel a bit like you''''re in a bygone era. Simplicity, values, family and education are all focused on in this book. We''''ve been reading it weekly for the past 20 months, and will continue to do so for another 40! I highly recommend this book, along with other Margaret Wise Brown books.',to_date('14-AUG-18','DD-MON-RR'),4);
Insert into REVIEW (ID,BOOKID,POSTERID,COMMENTS,CREATEDATE,RATING) values (11,26,12,'I have been wanting this book FOREVER. It was picked as one of our Book of the Month selections at school so copies were ordered for everyone! So why is this book so uber cool in my opinion? It teaches kids ALL about their brains but most importantly:',to_date('05-AUG-18','DD-MON-RR'),5);
Insert into REVIEW (ID,BOOKID,POSTERID,COMMENTS,CREATEDATE,RATING) values (12,27,22,'This review covers both Core Java Volume I--Fundamentals (9th Edition) and Core Java, Volume II--Advanced Features (9th Edition). Both books are part of the Prentice Hall Core Series.',to_date('10-AUG-18','DD-MON-RR'),5);
Insert into REVIEW (ID,BOOKID,POSTERID,COMMENTS,CREATEDATE,RATING) values (13,28,22,'I actually got Volume II first and liked it so much I ordered Volume I. I felt like I was missing the first half of the story. Especially when I downloaded the code and both volumes were included.',to_date('14-AUG-18','DD-MON-RR'),3);
Insert into REVIEW (ID,BOOKID,POSTERID,COMMENTS,CREATEDATE,RATING) values (14,30,2,'The book also lets you seen behind the scenes of Java programming in a way you possibly never have before, because Joshua Block is one of the developers behind Java itself, and all the main Oracle supported libraries. As such he can tell you that certain implementations in the standard Java libraries actually violate various best practices (either by accident or because those best practices hadn''''t emerged at the time of development). Almost always he will note that the problem cannot be fixed due to backward compatibility and has consequences to this day. Very few textbooks actually let you see inside details like this.',to_date('14-AUG-18','DD-MON-RR'),2);
Insert into REVIEW (ID,BOOKID,POSTERID,COMMENTS,CREATEDATE,RATING) values (15,31,24,'Herbert Schildt is one of the best authors for Java, this updated edition is a must-have for any Java developer. A great reference book that covers the new Java 9 recently released.',to_date('02-AUG-18','DD-MON-RR'),1);
Insert into REVIEW (ID,BOOKID,POSTERID,COMMENTS,CREATEDATE,RATING) values (16,32,20,'This Book Absolutely for Beginners:',to_date('03-AUG-18','DD-MON-RR'),5);
Insert into REVIEW (ID,BOOKID,POSTERID,COMMENTS,CREATEDATE,RATING) values (17,38,21,'“Java Programming” covers all essential Java knowledge. You can learn complete primary skills of Java fast and easily. The book includes more than 80 practical examples for beginners and includes 100 tests & answers for the college exam, the engineer certification exam, and the job interview exam. ',to_date('01-AUG-18','DD-MON-RR'),1);
Insert into REVIEW (ID,BOOKID,POSTERID,COMMENTS,CREATEDATE,RATING) values (18,37,7,'As someone who does not come from a computer science background but works as a software engineer, I''''ve had learning data structures and algorithms on my bucket list for quite some time. Working within the Ruby on Rails and SQL worlds has had me heavily shielded from the ideas and concepts of DS&A. My primary goal was to learn enough to pass the stereotypical Google/Amazon/Microsoft/Yahoo coding exam as well as conduct a similar engineering interview from the opposite end of the table. Since textbooks are my preferred way of learning, I set out in search of the DS&A book that would allow me to reach that goal.',to_date('09-AUG-18','DD-MON-RR'),4);
Insert into REVIEW (ID,BOOKID,POSTERID,COMMENTS,CREATEDATE,RATING) values (19,39,9,'I am loving this book. I had some prior knowledge of Java and this book is making a lot more concepts clear that weren''''t that clear before. Thank you so much to the author. I plan to finish the book as soon as I can to appear for my OCA first and then my OCP exam.',to_date('15-AUG-18','DD-MON-RR'),3);
Insert into REVIEW (ID,BOOKID,POSTERID,COMMENTS,CREATEDATE,RATING) values (20,41,35,'Really the best introductory Java book I ever have read!!!! Hope the authors can write more computer books like Advanced Java and more! I am able to pick up coding easily just by reading your books :)',to_date('10-AUG-18','DD-MON-RR'),4);
Insert into REVIEW (ID,BOOKID,POSTERID,COMMENTS,CREATEDATE,RATING) values (21,40,36,'Appreciate it lots that the authors have produced such a masterpiece of writing! :)',to_date('14-AUG-18','DD-MON-RR'),3);
Insert into REVIEW (ID,BOOKID,POSTERID,COMMENTS,CREATEDATE,RATING) values (47,2,45,'Good book for kids.',to_date('18-SEP-18','DD-MON-RR'),5);

REM INSERTING into SHIPPING_DETAIL
SET DEFINE OFF;
Insert into SHIPPING_DETAIL (ID,ORDERDETAILID,BARCODE,RETURN_DATE) values (6,10,'A0803131520148',null);
Insert into SHIPPING_DETAIL (ID,ORDERDETAILID,BARCODE,RETURN_DATE) values (7,11,'A080313152010',null);
Insert into SHIPPING_DETAIL (ID,ORDERDETAILID,BARCODE,RETURN_DATE) values (8,24,'A0803131520181',null);
Insert into SHIPPING_DETAIL (ID,ORDERDETAILID,BARCODE,RETURN_DATE) values (9,44,'A0803131520157',null);
Insert into SHIPPING_DETAIL (ID,ORDERDETAILID,BARCODE,RETURN_DATE) values (10,58,'A0803131520178',null);
Insert into SHIPPING_DETAIL (ID,ORDERDETAILID,BARCODE,RETURN_DATE) values (11,67,'A0803131520112',null);
Insert into SHIPPING_DETAIL (ID,ORDERDETAILID,BARCODE,RETURN_DATE) values (12,96,'A0803131520121',null);
Insert into SHIPPING_DETAIL (ID,ORDERDETAILID,BARCODE,RETURN_DATE) values (13,7,'A0803131520106',null);
Insert into SHIPPING_DETAIL (ID,ORDERDETAILID,BARCODE,RETURN_DATE) values (14,20,'A0803131520247',null);
Insert into SHIPPING_DETAIL (ID,ORDERDETAILID,BARCODE,RETURN_DATE) values (15,26,'A080313152013',null);
Insert into SHIPPING_DETAIL (ID,ORDERDETAILID,BARCODE,RETURN_DATE) values (16,34,'A0803131520202',null);
Insert into SHIPPING_DETAIL (ID,ORDERDETAILID,BARCODE,RETURN_DATE) values (17,37,'A0803131520136',null);
Insert into SHIPPING_DETAIL (ID,ORDERDETAILID,BARCODE,RETURN_DATE) values (18,66,'A0803131520262',null);
Insert into SHIPPING_DETAIL (ID,ORDERDETAILID,BARCODE,RETURN_DATE) values (19,91,'A0803131520187',null);
Insert into SHIPPING_DETAIL (ID,ORDERDETAILID,BARCODE,RETURN_DATE) values (20,89,'A0803131520145',null);
Insert into SHIPPING_DETAIL (ID,ORDERDETAILID,BARCODE,RETURN_DATE) values (21,4,'A0803131520115',null);
Insert into SHIPPING_DETAIL (ID,ORDERDETAILID,BARCODE,RETURN_DATE) values (22,38,'A0803131520238',null);
Insert into SHIPPING_DETAIL (ID,ORDERDETAILID,BARCODE,RETURN_DATE) values (23,41,'A0803131520211',null);
Insert into SHIPPING_DETAIL (ID,ORDERDETAILID,BARCODE,RETURN_DATE) values (24,50,'A0803131520160',null);
Insert into SHIPPING_DETAIL (ID,ORDERDETAILID,BARCODE,RETURN_DATE) values (25,99,'A0803131520214',null);
Insert into SHIPPING_DETAIL (ID,ORDERDETAILID,BARCODE,RETURN_DATE) values (26,33,'A0803131520199',null);
Insert into SHIPPING_DETAIL (ID,ORDERDETAILID,BARCODE,RETURN_DATE) values (27,46,'A0803131520103',null);
Insert into SHIPPING_DETAIL (ID,ORDERDETAILID,BARCODE,RETURN_DATE) values (28,68,'A0803131520223',null);
Insert into SHIPPING_DETAIL (ID,ORDERDETAILID,BARCODE,RETURN_DATE) values (29,17,'A0803131520124',null);
Insert into SHIPPING_DETAIL (ID,ORDERDETAILID,BARCODE,RETURN_DATE) values (30,93,'A0803131520232',null);
Insert into SHIPPING_DETAIL (ID,ORDERDETAILID,BARCODE,RETURN_DATE) values (31,32,'A0803131520142',null);
Insert into SHIPPING_DETAIL (ID,ORDERDETAILID,BARCODE,RETURN_DATE) values (32,92,'A0803131520196',null);
Insert into SHIPPING_DETAIL (ID,ORDERDETAILID,BARCODE,RETURN_DATE) values (33,75,'A0803131520172',null);
Insert into SHIPPING_DETAIL (ID,ORDERDETAILID,BARCODE,RETURN_DATE) values (34,78,'A0803131520388',null);
Insert into SHIPPING_DETAIL (ID,ORDERDETAILID,BARCODE,RETURN_DATE) values (35,84,'A0803131520175',null);
Insert into SHIPPING_DETAIL (ID,ORDERDETAILID,BARCODE,RETURN_DATE) values (36,18,'A0803131520169',null);
Insert into SHIPPING_DETAIL (ID,ORDERDETAILID,BARCODE,RETURN_DATE) values (37,3,'A0803131520151',null);
Insert into SHIPPING_DETAIL (ID,ORDERDETAILID,BARCODE,RETURN_DATE) values (38,3,'A080313152025',null);
Insert into SHIPPING_DETAIL (ID,ORDERDETAILID,BARCODE,RETURN_DATE) values (39,21,'A0803131520277',null);
Insert into SHIPPING_DETAIL (ID,ORDERDETAILID,BARCODE,RETURN_DATE) values (40,21,'A0803131520403',null);
Insert into SHIPPING_DETAIL (ID,ORDERDETAILID,BARCODE,RETURN_DATE) values (41,62,'A0803131520322',null);
Insert into SHIPPING_DETAIL (ID,ORDERDETAILID,BARCODE,RETURN_DATE) values (42,57,'A0803131520313',null);
Insert into SHIPPING_DETAIL (ID,ORDERDETAILID,BARCODE,RETURN_DATE) values (43,80,'A0803131520193',null);
Insert into SHIPPING_DETAIL (ID,ORDERDETAILID,BARCODE,RETURN_DATE) values (44,35,'A0803131520325',null);
Insert into SHIPPING_DETAIL (ID,ORDERDETAILID,BARCODE,RETURN_DATE) values (45,45,'A0803131520451',null);
Insert into SHIPPING_DETAIL (ID,ORDERDETAILID,BARCODE,RETURN_DATE) values (46,77,'A0803131520229',null);
Insert into SHIPPING_DETAIL (ID,ORDERDETAILID,BARCODE,RETURN_DATE) values (47,83,'A0803131520241',null);
Insert into SHIPPING_DETAIL (ID,ORDERDETAILID,BARCODE,RETURN_DATE) values (48,72,'A0803131520337',null);
Insert into SHIPPING_DETAIL (ID,ORDERDETAILID,BARCODE,RETURN_DATE) values (49,76,'A0803131520286',null);
Insert into SHIPPING_DETAIL (ID,ORDERDETAILID,BARCODE,RETURN_DATE) values (50,22,'A0803131520250',null);
Insert into SHIPPING_DETAIL (ID,ORDERDETAILID,BARCODE,RETURN_DATE) values (51,25,'A0803131520376',null);
Insert into SHIPPING_DETAIL (ID,ORDERDETAILID,BARCODE,RETURN_DATE) values (52,54,'A0803131520190',null);
Insert into SHIPPING_DETAIL (ID,ORDERDETAILID,BARCODE,RETURN_DATE) values (53,63,'A0803131520328',null);
Insert into SHIPPING_DETAIL (ID,ORDERDETAILID,BARCODE,RETURN_DATE) values (54,27,'A0803131520283',null);
Insert into SHIPPING_DETAIL (ID,ORDERDETAILID,BARCODE,RETURN_DATE) values (55,8,'A080313152022',null);
Insert into SHIPPING_DETAIL (ID,ORDERDETAILID,BARCODE,RETURN_DATE) values (56,52,'A0803131520163',null);
Insert into SHIPPING_DETAIL (ID,ORDERDETAILID,BARCODE,RETURN_DATE) values (57,61,'A0803131520166',null);
Insert into SHIPPING_DETAIL (ID,ORDERDETAILID,BARCODE,RETURN_DATE) values (58,73,'A0803131520502',null);
Insert into SHIPPING_DETAIL (ID,ORDERDETAILID,BARCODE,RETURN_DATE) values (59,82,'A0803131520301',null);
Insert into SHIPPING_DETAIL (ID,ORDERDETAILID,BARCODE,RETURN_DATE) values (60,88,'A0803131520367',null);
Insert into SHIPPING_DETAIL (ID,ORDERDETAILID,BARCODE,RETURN_DATE) values (110,111,'A0803131520109',null);
Insert into SHIPPING_DETAIL (ID,ORDERDETAILID,BARCODE,RETURN_DATE) values (62,40,'A0803131520274',null);
Insert into SHIPPING_DETAIL (ID,ORDERDETAILID,BARCODE,RETURN_DATE) values (63,55,'A0803131520205',null);
Insert into SHIPPING_DETAIL (ID,ORDERDETAILID,BARCODE,RETURN_DATE) values (64,87,'A0803131520400',null);
Insert into SHIPPING_DETAIL (ID,ORDERDETAILID,BARCODE,RETURN_DATE) values (65,90,'A080313152031',null);
Insert into SHIPPING_DETAIL (ID,ORDERDETAILID,BARCODE,RETURN_DATE) values (66,100,'A080313152019',null);
Insert into SHIPPING_DETAIL (ID,ORDERDETAILID,BARCODE,RETURN_DATE) values (67,14,'A0803131520463',null);
Insert into SHIPPING_DETAIL (ID,ORDERDETAILID,BARCODE,RETURN_DATE) values (68,19,'A0803131520307',null);
Insert into SHIPPING_DETAIL (ID,ORDERDETAILID,BARCODE,RETURN_DATE) values (69,47,'A0803131520208',null);
Insert into SHIPPING_DETAIL (ID,ORDERDETAILID,BARCODE,RETURN_DATE) values (70,74,'A0803131520355',null);
Insert into SHIPPING_DETAIL (ID,ORDERDETAILID,BARCODE,RETURN_DATE) values (71,79,'A0803131520319',null);
Insert into SHIPPING_DETAIL (ID,ORDERDETAILID,BARCODE,RETURN_DATE) values (72,31,'A0803131520529',null);
Insert into SHIPPING_DETAIL (ID,ORDERDETAILID,BARCODE,RETURN_DATE) values (73,31,'BST080313131325',null);
Insert into SHIPPING_DETAIL (ID,ORDERDETAILID,BARCODE,RETURN_DATE) values (74,29,'A0803131520217',null);
Insert into SHIPPING_DETAIL (ID,ORDERDETAILID,BARCODE,RETURN_DATE) values (75,60,'A0803131520340',null);
Insert into SHIPPING_DETAIL (ID,ORDERDETAILID,BARCODE,RETURN_DATE) values (76,23,'A0803131520298',null);
Insert into SHIPPING_DETAIL (ID,ORDERDETAILID,BARCODE,RETURN_DATE) values (77,59,'A0803131520439',null);
Insert into SHIPPING_DETAIL (ID,ORDERDETAILID,BARCODE,RETURN_DATE) values (78,59,'A080313152061',null);
Insert into SHIPPING_DETAIL (ID,ORDERDETAILID,BARCODE,RETURN_DATE) values (79,51,'A080313152040',null);
Insert into SHIPPING_DETAIL (ID,ORDERDETAILID,BARCODE,RETURN_DATE) values (80,5,'A0803131520331',null);
Insert into SHIPPING_DETAIL (ID,ORDERDETAILID,BARCODE,RETURN_DATE) values (81,53,'A0803131520445',null);
Insert into SHIPPING_DETAIL (ID,ORDERDETAILID,BARCODE,RETURN_DATE) values (82,12,'A0803131520154',null);
Insert into SHIPPING_DETAIL (ID,ORDERDETAILID,BARCODE,RETURN_DATE) values (83,16,'A0803131520514',null);
Insert into SHIPPING_DETAIL (ID,ORDERDETAILID,BARCODE,RETURN_DATE) values (84,85,'A0803131520433',null);
Insert into SHIPPING_DETAIL (ID,ORDERDETAILID,BARCODE,RETURN_DATE) values (85,97,'BST080313131310',null);
Insert into SHIPPING_DETAIL (ID,ORDERDETAILID,BARCODE,RETURN_DATE) values (86,9,'A0803131520316',null);
Insert into SHIPPING_DETAIL (ID,ORDERDETAILID,BARCODE,RETURN_DATE) values (87,15,'A0803131520220',null);
Insert into SHIPPING_DETAIL (ID,ORDERDETAILID,BARCODE,RETURN_DATE) values (88,64,'A0803131520448',null);
Insert into SHIPPING_DETAIL (ID,ORDERDETAILID,BARCODE,RETURN_DATE) values (89,98,'A0803131520454',null);
Insert into SHIPPING_DETAIL (ID,ORDERDETAILID,BARCODE,RETURN_DATE) values (90,36,'A0803131520493',null);
Insert into SHIPPING_DETAIL (ID,ORDERDETAILID,BARCODE,RETURN_DATE) values (91,48,'A0803131520409',null);
Insert into SHIPPING_DETAIL (ID,ORDERDETAILID,BARCODE,RETURN_DATE) values (92,30,'BST080313131361',null);
Insert into SHIPPING_DETAIL (ID,ORDERDETAILID,BARCODE,RETURN_DATE) values (93,81,'A0803131520418',null);
Insert into SHIPPING_DETAIL (ID,ORDERDETAILID,BARCODE,RETURN_DATE) values (94,95,'A0803131520466',null);
Insert into SHIPPING_DETAIL (ID,ORDERDETAILID,BARCODE,RETURN_DATE) values (95,2,'A0803131520457',null);
Insert into SHIPPING_DETAIL (ID,ORDERDETAILID,BARCODE,RETURN_DATE) values (96,56,'A0803131520427',null);
Insert into SHIPPING_DETAIL (ID,ORDERDETAILID,BARCODE,RETURN_DATE) values (97,28,'A080313152028',null);
Insert into SHIPPING_DETAIL (ID,ORDERDETAILID,BARCODE,RETURN_DATE) values (98,42,'A0803131520346',null);
Insert into SHIPPING_DETAIL (ID,ORDERDETAILID,BARCODE,RETURN_DATE) values (99,69,'A0803131520100',null);
Insert into SHIPPING_DETAIL (ID,ORDERDETAILID,BARCODE,RETURN_DATE) values (100,94,'A0803131520481',null);
Insert into SHIPPING_DETAIL (ID,ORDERDETAILID,BARCODE,RETURN_DATE) values (101,49,'A080313152034',null);
Insert into SHIPPING_DETAIL (ID,ORDERDETAILID,BARCODE,RETURN_DATE) values (102,65,'A0803131520289',null);
Insert into SHIPPING_DETAIL (ID,ORDERDETAILID,BARCODE,RETURN_DATE) values (103,71,'A080313152073',null);
Insert into SHIPPING_DETAIL (ID,ORDERDETAILID,BARCODE,RETURN_DATE) values (104,86,'A0803131520364',null);
Insert into SHIPPING_DETAIL (ID,ORDERDETAILID,BARCODE,RETURN_DATE) values (105,43,'BST080313131340',null);
Insert into SHIPPING_DETAIL (ID,ORDERDETAILID,BARCODE,RETURN_DATE) values (106,6,'A080313152076',null);
Insert into SHIPPING_DETAIL (ID,ORDERDETAILID,BARCODE,RETURN_DATE) values (107,39,'A0803131520490',null);
Insert into SHIPPING_DETAIL (ID,ORDERDETAILID,BARCODE,RETURN_DATE) values (108,109,'A0803131520139',null);
Insert into SHIPPING_DETAIL (ID,ORDERDETAILID,BARCODE,RETURN_DATE) values (109,110,'A0803131520265',null);
Insert into SHIPPING_DETAIL (ID,ORDERDETAILID,BARCODE,RETURN_DATE) values (111,111,'A0803131520235',null);
Insert into SHIPPING_DETAIL (ID,ORDERDETAILID,BARCODE,RETURN_DATE) values (112,112,'A0803131520361',null);
Insert into SHIPPING_DETAIL (ID,ORDERDETAILID,BARCODE,RETURN_DATE) values (113,112,'A0803131520487',null);
Insert into SHIPPING_DETAIL (ID,ORDERDETAILID,BARCODE,RETURN_DATE) values (114,113,'A0803131520535',null);
Insert into SHIPPING_DETAIL (ID,ORDERDETAILID,BARCODE,RETURN_DATE) values (115,114,'A080313152067',null);
Insert into SHIPPING_DETAIL (ID,ORDERDETAILID,BARCODE,RETURN_DATE) values (116,114,'BST080313131367',null);
Insert into SHIPPING_DETAIL (ID,ORDERDETAILID,BARCODE,RETURN_DATE) values (117,115,'BST080313131376',null);
REM INSERTING into STATIC_MASTER
SET DEFINE OFF;
Insert into STATIC_MASTER (FUNCTION_TYPE,CODE,DESCRIPTION,NAME) values ('STATE','AL','50 STATES OF USA,USE IN REGISTER FORM AND SHIPPING ADDRESS FORM','Alabama');
Insert into STATIC_MASTER (FUNCTION_TYPE,CODE,DESCRIPTION,NAME) values ('STATE','AK','51 STATES OF USA,USE IN REGISTER FORM AND SHIPPING ADDRESS FORM','Alaska');
Insert into STATIC_MASTER (FUNCTION_TYPE,CODE,DESCRIPTION,NAME) values ('STATE','AZ','52 STATES OF USA,USE IN REGISTER FORM AND SHIPPING ADDRESS FORM','Arizona');
Insert into STATIC_MASTER (FUNCTION_TYPE,CODE,DESCRIPTION,NAME) values ('STATE','AR','53 STATES OF USA,USE IN REGISTER FORM AND SHIPPING ADDRESS FORM','Arkansas');
Insert into STATIC_MASTER (FUNCTION_TYPE,CODE,DESCRIPTION,NAME) values ('STATE','CA','54 STATES OF USA,USE IN REGISTER FORM AND SHIPPING ADDRESS FORM','California');
Insert into STATIC_MASTER (FUNCTION_TYPE,CODE,DESCRIPTION,NAME) values ('STATE','CO','55 STATES OF USA,USE IN REGISTER FORM AND SHIPPING ADDRESS FORM','Colorado');
Insert into STATIC_MASTER (FUNCTION_TYPE,CODE,DESCRIPTION,NAME) values ('STATE','CT','56 STATES OF USA,USE IN REGISTER FORM AND SHIPPING ADDRESS FORM','Connecticut');
Insert into STATIC_MASTER (FUNCTION_TYPE,CODE,DESCRIPTION,NAME) values ('STATE','DE','57 STATES OF USA,USE IN REGISTER FORM AND SHIPPING ADDRESS FORM','Delaware');
Insert into STATIC_MASTER (FUNCTION_TYPE,CODE,DESCRIPTION,NAME) values ('STATE','FL','58 STATES OF USA,USE IN REGISTER FORM AND SHIPPING ADDRESS FORM','Florida');
Insert into STATIC_MASTER (FUNCTION_TYPE,CODE,DESCRIPTION,NAME) values ('STATE','GA','59 STATES OF USA,USE IN REGISTER FORM AND SHIPPING ADDRESS FORM','Georgia');
Insert into STATIC_MASTER (FUNCTION_TYPE,CODE,DESCRIPTION,NAME) values ('STATE','HI','60 STATES OF USA,USE IN REGISTER FORM AND SHIPPING ADDRESS FORM','Hawaii');
Insert into STATIC_MASTER (FUNCTION_TYPE,CODE,DESCRIPTION,NAME) values ('STATE','ID','61 STATES OF USA,USE IN REGISTER FORM AND SHIPPING ADDRESS FORM','Idaho');
Insert into STATIC_MASTER (FUNCTION_TYPE,CODE,DESCRIPTION,NAME) values ('STATE','IL','62 STATES OF USA,USE IN REGISTER FORM AND SHIPPING ADDRESS FORM','Illinois');
Insert into STATIC_MASTER (FUNCTION_TYPE,CODE,DESCRIPTION,NAME) values ('STATE','IN','63 STATES OF USA,USE IN REGISTER FORM AND SHIPPING ADDRESS FORM','Indiana');
Insert into STATIC_MASTER (FUNCTION_TYPE,CODE,DESCRIPTION,NAME) values ('STATE','IA','64 STATES OF USA,USE IN REGISTER FORM AND SHIPPING ADDRESS FORM','Iowa');
Insert into STATIC_MASTER (FUNCTION_TYPE,CODE,DESCRIPTION,NAME) values ('STATE','KS','65 STATES OF USA,USE IN REGISTER FORM AND SHIPPING ADDRESS FORM','Kansas');
Insert into STATIC_MASTER (FUNCTION_TYPE,CODE,DESCRIPTION,NAME) values ('STATE','KY','66 STATES OF USA,USE IN REGISTER FORM AND SHIPPING ADDRESS FORM','Kentucky');
Insert into STATIC_MASTER (FUNCTION_TYPE,CODE,DESCRIPTION,NAME) values ('STATE','LA','67 STATES OF USA,USE IN REGISTER FORM AND SHIPPING ADDRESS FORM','Louisiana');
Insert into STATIC_MASTER (FUNCTION_TYPE,CODE,DESCRIPTION,NAME) values ('STATE','ME','68 STATES OF USA,USE IN REGISTER FORM AND SHIPPING ADDRESS FORM','Maine');
Insert into STATIC_MASTER (FUNCTION_TYPE,CODE,DESCRIPTION,NAME) values ('STATE','MD','69 STATES OF USA,USE IN REGISTER FORM AND SHIPPING ADDRESS FORM','Maryland');
Insert into STATIC_MASTER (FUNCTION_TYPE,CODE,DESCRIPTION,NAME) values ('STATE','MA','70 STATES OF USA,USE IN REGISTER FORM AND SHIPPING ADDRESS FORM','Massachusetts');
Insert into STATIC_MASTER (FUNCTION_TYPE,CODE,DESCRIPTION,NAME) values ('STATE','MI','71 STATES OF USA,USE IN REGISTER FORM AND SHIPPING ADDRESS FORM','Michigan');
Insert into STATIC_MASTER (FUNCTION_TYPE,CODE,DESCRIPTION,NAME) values ('STATE','MN','72 STATES OF USA,USE IN REGISTER FORM AND SHIPPING ADDRESS FORM','Minnesota');
Insert into STATIC_MASTER (FUNCTION_TYPE,CODE,DESCRIPTION,NAME) values ('STATE','MS','73 STATES OF USA,USE IN REGISTER FORM AND SHIPPING ADDRESS FORM','Mississippi');
Insert into STATIC_MASTER (FUNCTION_TYPE,CODE,DESCRIPTION,NAME) values ('STATE','MO','74 STATES OF USA,USE IN REGISTER FORM AND SHIPPING ADDRESS FORM','Missouri');
Insert into STATIC_MASTER (FUNCTION_TYPE,CODE,DESCRIPTION,NAME) values ('STATE','MT','75 STATES OF USA,USE IN REGISTER FORM AND SHIPPING ADDRESS FORM','Montana');
Insert into STATIC_MASTER (FUNCTION_TYPE,CODE,DESCRIPTION,NAME) values ('STATE','NE','76 STATES OF USA,USE IN REGISTER FORM AND SHIPPING ADDRESS FORM','Nebraska');
Insert into STATIC_MASTER (FUNCTION_TYPE,CODE,DESCRIPTION,NAME) values ('STATE','NV','77 STATES OF USA,USE IN REGISTER FORM AND SHIPPING ADDRESS FORM','Nevada');
Insert into STATIC_MASTER (FUNCTION_TYPE,CODE,DESCRIPTION,NAME) values ('STATE','NH','78 STATES OF USA,USE IN REGISTER FORM AND SHIPPING ADDRESS FORM','New Hampshire');
Insert into STATIC_MASTER (FUNCTION_TYPE,CODE,DESCRIPTION,NAME) values ('STATE','NJ','79 STATES OF USA,USE IN REGISTER FORM AND SHIPPING ADDRESS FORM','New Jersey');
Insert into STATIC_MASTER (FUNCTION_TYPE,CODE,DESCRIPTION,NAME) values ('STATE','NM','80 STATES OF USA,USE IN REGISTER FORM AND SHIPPING ADDRESS FORM','New Mexico');
Insert into STATIC_MASTER (FUNCTION_TYPE,CODE,DESCRIPTION,NAME) values ('STATE','NY','81 STATES OF USA,USE IN REGISTER FORM AND SHIPPING ADDRESS FORM','New York');
Insert into STATIC_MASTER (FUNCTION_TYPE,CODE,DESCRIPTION,NAME) values ('STATE','NC','82 STATES OF USA,USE IN REGISTER FORM AND SHIPPING ADDRESS FORM','North Carolina');
Insert into STATIC_MASTER (FUNCTION_TYPE,CODE,DESCRIPTION,NAME) values ('STATE','ND','83 STATES OF USA,USE IN REGISTER FORM AND SHIPPING ADDRESS FORM','North Dakota');
Insert into STATIC_MASTER (FUNCTION_TYPE,CODE,DESCRIPTION,NAME) values ('STATE','OH','84 STATES OF USA,USE IN REGISTER FORM AND SHIPPING ADDRESS FORM','Ohio');
Insert into STATIC_MASTER (FUNCTION_TYPE,CODE,DESCRIPTION,NAME) values ('STATE','OK','85 STATES OF USA,USE IN REGISTER FORM AND SHIPPING ADDRESS FORM','Oklahoma');
Insert into STATIC_MASTER (FUNCTION_TYPE,CODE,DESCRIPTION,NAME) values ('STATE','OR','86 STATES OF USA,USE IN REGISTER FORM AND SHIPPING ADDRESS FORM','Oregon');
Insert into STATIC_MASTER (FUNCTION_TYPE,CODE,DESCRIPTION,NAME) values ('STATE','PA','87 STATES OF USA,USE IN REGISTER FORM AND SHIPPING ADDRESS FORM','Pennsylvania');
Insert into STATIC_MASTER (FUNCTION_TYPE,CODE,DESCRIPTION,NAME) values ('STATE','RI','88 STATES OF USA,USE IN REGISTER FORM AND SHIPPING ADDRESS FORM','Rhode Island');
Insert into STATIC_MASTER (FUNCTION_TYPE,CODE,DESCRIPTION,NAME) values ('STATE','SC','89 STATES OF USA,USE IN REGISTER FORM AND SHIPPING ADDRESS FORM','South Carolina');
Insert into STATIC_MASTER (FUNCTION_TYPE,CODE,DESCRIPTION,NAME) values ('STATE','SD','90 STATES OF USA,USE IN REGISTER FORM AND SHIPPING ADDRESS FORM','South Dakota');
Insert into STATIC_MASTER (FUNCTION_TYPE,CODE,DESCRIPTION,NAME) values ('STATE','TN','91 STATES OF USA,USE IN REGISTER FORM AND SHIPPING ADDRESS FORM','Tennessee');
Insert into STATIC_MASTER (FUNCTION_TYPE,CODE,DESCRIPTION,NAME) values ('STATE','TX','92 STATES OF USA,USE IN REGISTER FORM AND SHIPPING ADDRESS FORM','Texas');
Insert into STATIC_MASTER (FUNCTION_TYPE,CODE,DESCRIPTION,NAME) values ('STATE','UT','93 STATES OF USA,USE IN REGISTER FORM AND SHIPPING ADDRESS FORM','Utah');
Insert into STATIC_MASTER (FUNCTION_TYPE,CODE,DESCRIPTION,NAME) values ('STATE','VT','94 STATES OF USA,USE IN REGISTER FORM AND SHIPPING ADDRESS FORM','Vermont');
Insert into STATIC_MASTER (FUNCTION_TYPE,CODE,DESCRIPTION,NAME) values ('STATE','VA','95 STATES OF USA,USE IN REGISTER FORM AND SHIPPING ADDRESS FORM','Virginia');
Insert into STATIC_MASTER (FUNCTION_TYPE,CODE,DESCRIPTION,NAME) values ('STATE','WA','96 STATES OF USA,USE IN REGISTER FORM AND SHIPPING ADDRESS FORM','Washington');
Insert into STATIC_MASTER (FUNCTION_TYPE,CODE,DESCRIPTION,NAME) values ('STATE','WV','97 STATES OF USA,USE IN REGISTER FORM AND SHIPPING ADDRESS FORM','West Virginia');
Insert into STATIC_MASTER (FUNCTION_TYPE,CODE,DESCRIPTION,NAME) values ('STATE','WI','98 STATES OF USA,USE IN REGISTER FORM AND SHIPPING ADDRESS FORM','Wisconsin');
Insert into STATIC_MASTER (FUNCTION_TYPE,CODE,DESCRIPTION,NAME) values ('STATE','WY','99 STATES OF USA,USE IN REGISTER FORM AND SHIPPING ADDRESS FORM','Wyoming');
Insert into STATIC_MASTER (FUNCTION_TYPE,CODE,DESCRIPTION,NAME) values ('USER_ROLE','1','Admin Role','ROLE_ADMIN');
Insert into STATIC_MASTER (FUNCTION_TYPE,CODE,DESCRIPTION,NAME) values ('USER_ROLE','2','User Role','ROLE_USER');
Insert into STATIC_MASTER (FUNCTION_TYPE,CODE,DESCRIPTION,NAME) values ('ISAVAILABLE','0','THIS ITEM IS NOT AVAILABLE IN THE INVENTORY, VALUE IN INVENTORY TABLE','NOT AVAILABLE');
Insert into STATIC_MASTER (FUNCTION_TYPE,CODE,DESCRIPTION,NAME) values ('ISAVAILABLE','1','THIS ITEM IS AVAILABLE IN THE INVENTORY, VALUE IN INVENTORY TABLE','AVAILABLE');
REM INSERTING into USER_ATTEMPTS
SET DEFINE OFF;
Insert into USER_ATTEMPTS (USERNAME,ATTEMPTS,LASTMODIFIED) values ('king83030@gmail.com',1,to_timestamp('18-SEP-18 02.58.20.483000000 PM','DD-MON-RR HH.MI.SS.FF AM'));
Insert into USER_ATTEMPTS (USERNAME,ATTEMPTS,LASTMODIFIED) values ('admin@gmail.com',0,to_timestamp('18-SEP-18 09.59.09.577000000 PM','DD-MON-RR HH.MI.SS.FF AM'));
Insert into USER_ATTEMPTS (USERNAME,ATTEMPTS,LASTMODIFIED) values ('nelson97562@gmail.com',3,to_timestamp('17-SEP-18 05.11.53.058000000 PM','DD-MON-RR HH.MI.SS.FF AM'));
REM INSERTING into USER_ROLE
SET DEFINE OFF;
Insert into USER_ROLE (USERNAME,PASSWORD,CUSTOMERID,ROLE,ENABLED,ACCOUNTNONEXPIRED,ACCOUNTNONLOCKED,CREDENTIALSNONEXPIRED) values ('king83030@gmail.com','$2a$10$1BssXuW441h4uQ/nKEfSG.M0YC4os1j69qdUWZkqSHofflJOTYxZy',1,2,1,1,1,1);
Insert into USER_ROLE (USERNAME,PASSWORD,CUSTOMERID,ROLE,ENABLED,ACCOUNTNONEXPIRED,ACCOUNTNONLOCKED,CREDENTIALSNONEXPIRED) values ('ferguson3004@gmail.com','$2a$10$5pOBUOC1KQ2Fck4WpdH/0OdiHOfAE9iyOgyeDSjaSzgsuDl8emnhi',2,2,1,1,1,1);
Insert into USER_ROLE (USERNAME,PASSWORD,CUSTOMERID,ROLE,ENABLED,ACCOUNTNONEXPIRED,ACCOUNTNONLOCKED,CREDENTIALSNONEXPIRED) values ('nelson97562@gmail.com','$2a$10$5pOBUOC1KQ2Fck4WpdH/0OdiHOfAE9iyOgyeDSjaSzgsuDl8emnhi',3,2,1,1,0,1);
Insert into USER_ROLE (USERNAME,PASSWORD,CUSTOMERID,ROLE,ENABLED,ACCOUNTNONEXPIRED,ACCOUNTNONLOCKED,CREDENTIALSNONEXPIRED) values ('murphy94217@gmail.com','$2a$10$6UbPG8TA2.4dVofksy2ebea5u5egVFO.M9iz99crUCcojR1vTakIm',4,2,1,1,1,1);
Insert into USER_ROLE (USERNAME,PASSWORD,CUSTOMERID,ROLE,ENABLED,ACCOUNTNONEXPIRED,ACCOUNTNONLOCKED,CREDENTIALSNONEXPIRED) values ('lee10022@gmail.com','$2a$10$5pOBUOC1KQ2Fck4WpdH/0OdiHOfAE9iyOgyeDSjaSzgsuDl8emnhi',5,2,1,1,1,1);
Insert into USER_ROLE (USERNAME,PASSWORD,CUSTOMERID,ROLE,ENABLED,ACCOUNTNONEXPIRED,ACCOUNTNONLOCKED,CREDENTIALSNONEXPIRED) values ('young10022@gmail.com','$2a$10$5pOBUOC1KQ2Fck4WpdH/0OdiHOfAE9iyOgyeDSjaSzgsuDl8emnhi',6,2,1,1,1,1);
Insert into USER_ROLE (USERNAME,PASSWORD,CUSTOMERID,ROLE,ENABLED,ACCOUNTNONEXPIRED,ACCOUNTNONLOCKED,CREDENTIALSNONEXPIRED) values ('leong70267@gmail.com','$2a$10$5pOBUOC1KQ2Fck4WpdH/0OdiHOfAE9iyOgyeDSjaSzgsuDl8emnhi',7,2,1,1,1,1);
Insert into USER_ROLE (USERNAME,PASSWORD,CUSTOMERID,ROLE,ENABLED,ACCOUNTNONEXPIRED,ACCOUNTNONLOCKED,CREDENTIALSNONEXPIRED) values ('hashimoto94217@gmail.com','$2a$10$5pOBUOC1KQ2Fck4WpdH/0OdiHOfAE9iyOgyeDSjaSzgsuDl8emnhi',8,2,1,1,1,1);
Insert into USER_ROLE (USERNAME,PASSWORD,CUSTOMERID,ROLE,ENABLED,ACCOUNTNONEXPIRED,ACCOUNTNONLOCKED,CREDENTIALSNONEXPIRED) values ('franco97823@gmail.com','$2a$10$5pOBUOC1KQ2Fck4WpdH/0OdiHOfAE9iyOgyeDSjaSzgsuDl8emnhi',9,2,1,1,1,1);
Insert into USER_ROLE (USERNAME,PASSWORD,CUSTOMERID,ROLE,ENABLED,ACCOUNTNONEXPIRED,ACCOUNTNONLOCKED,CREDENTIALSNONEXPIRED) values ('tseng51247@gmail.com','$2a$10$5pOBUOC1KQ2Fck4WpdH/0OdiHOfAE9iyOgyeDSjaSzgsuDl8emnhi',10,2,1,1,1,1);
Insert into USER_ROLE (USERNAME,PASSWORD,CUSTOMERID,ROLE,ENABLED,ACCOUNTNONEXPIRED,ACCOUNTNONLOCKED,CREDENTIALSNONEXPIRED) values ('king97562@gmail.com','$2a$10$5pOBUOC1KQ2Fck4WpdH/0OdiHOfAE9iyOgyeDSjaSzgsuDl8emnhi',11,2,1,1,1,1);
Insert into USER_ROLE (USERNAME,PASSWORD,CUSTOMERID,ROLE,ENABLED,ACCOUNTNONEXPIRED,ACCOUNTNONLOCKED,CREDENTIALSNONEXPIRED) values ('kentary530-0003@gmail.com','$2a$10$5pOBUOC1KQ2Fck4WpdH/0OdiHOfAE9iyOgyeDSjaSzgsuDl8emnhi',12,2,1,1,1,1);
Insert into USER_ROLE (USERNAME,PASSWORD,CUSTOMERID,ROLE,ENABLED,ACCOUNTNONEXPIRED,ACCOUNTNONLOCKED,CREDENTIALSNONEXPIRED) values ('frick10022@gmail.com','$2a$10$5pOBUOC1KQ2Fck4WpdH/0OdiHOfAE9iyOgyeDSjaSzgsuDl8emnhi',13,2,1,1,1,1);
Insert into USER_ROLE (USERNAME,PASSWORD,CUSTOMERID,ROLE,ENABLED,ACCOUNTNONEXPIRED,ACCOUNTNONLOCKED,CREDENTIALSNONEXPIRED) values ('taylor58339@gmail.com','$2a$10$5pOBUOC1KQ2Fck4WpdH/0OdiHOfAE9iyOgyeDSjaSzgsuDl8emnhi',14,2,1,1,1,1);
Insert into USER_ROLE (USERNAME,PASSWORD,CUSTOMERID,ROLE,ENABLED,ACCOUNTNONEXPIRED,ACCOUNTNONLOCKED,CREDENTIALSNONEXPIRED) values ('tamuriv3f2k1@gmail.com','$2a$10$5pOBUOC1KQ2Fck4WpdH/0OdiHOfAE9iyOgyeDSjaSzgsuDl8emnhi',15,2,1,1,1,1);
Insert into USER_ROLE (USERNAME,PASSWORD,CUSTOMERID,ROLE,ENABLED,ACCOUNTNONEXPIRED,ACCOUNTNONLOCKED,CREDENTIALSNONEXPIRED) values ('barajas58339@gmail.com','$2a$10$5pOBUOC1KQ2Fck4WpdH/0OdiHOfAE9iyOgyeDSjaSzgsuDl8emnhi',16,2,1,1,1,1);
Insert into USER_ROLE (USERNAME,PASSWORD,CUSTOMERID,ROLE,ENABLED,ACCOUNTNONEXPIRED,ACCOUNTNONLOCKED,CREDENTIALSNONEXPIRED) values ('young90003@gmail.com','$2a$10$5pOBUOC1KQ2Fck4WpdH/0OdiHOfAE9iyOgyeDSjaSzgsuDl8emnhi',17,2,1,1,1,1);
Insert into USER_ROLE (USERNAME,PASSWORD,CUSTOMERID,ROLE,ENABLED,ACCOUNTNONEXPIRED,ACCOUNTNONLOCKED,CREDENTIALSNONEXPIRED) values ('young92561@gmail.com','$2a$10$5pOBUOC1KQ2Fck4WpdH/0OdiHOfAE9iyOgyeDSjaSzgsuDl8emnhi',18,2,1,1,1,1);
Insert into USER_ROLE (USERNAME,PASSWORD,CUSTOMERID,ROLE,ENABLED,ACCOUNTNONEXPIRED,ACCOUNTNONLOCKED,CREDENTIALSNONEXPIRED) values ('fresnièreh1j1c3@gmail.com','$2a$10$5pOBUOC1KQ2Fck4WpdH/0OdiHOfAE9iyOgyeDSjaSzgsuDl8emnhi',19,2,1,1,1,1);
Insert into USER_ROLE (USERNAME,PASSWORD,CUSTOMERID,ROLE,ENABLED,ACCOUNTNONEXPIRED,ACCOUNTNONLOCKED,CREDENTIALSNONEXPIRED) values ('thompson91217@gmail.com','$2a$10$5pOBUOC1KQ2Fck4WpdH/0OdiHOfAE9iyOgyeDSjaSzgsuDl8emnhi',20,2,1,1,1,1);
Insert into USER_ROLE (USERNAME,PASSWORD,CUSTOMERID,ROLE,ENABLED,ACCOUNTNONEXPIRED,ACCOUNTNONLOCKED,CREDENTIALSNONEXPIRED) values ('bennettpo317pj@gmail.com','$2a$10$5pOBUOC1KQ2Fck4WpdH/0OdiHOfAE9iyOgyeDSjaSzgsuDl8emnhi',21,2,1,1,1,1);
Insert into USER_ROLE (USERNAME,PASSWORD,CUSTOMERID,ROLE,ENABLED,ACCOUNTNONEXPIRED,ACCOUNTNONLOCKED,CREDENTIALSNONEXPIRED) values ('lincolnt2f8m4@gmail.com','$2a$10$5pOBUOC1KQ2Fck4WpdH/0OdiHOfAE9iyOgyeDSjaSzgsuDl8emnhi',22,2,1,1,1,1);
Insert into USER_ROLE (USERNAME,PASSWORD,CUSTOMERID,ROLE,ENABLED,ACCOUNTNONEXPIRED,ACCOUNTNONLOCKED,CREDENTIALSNONEXPIRED) values ('ohara2060@gmail.com','$2a$10$5pOBUOC1KQ2Fck4WpdH/0OdiHOfAE9iyOgyeDSjaSzgsuDl8emnhi',23,2,1,1,1,1);
Insert into USER_ROLE (USERNAME,PASSWORD,CUSTOMERID,ROLE,ENABLED,ACCOUNTNONEXPIRED,ACCOUNTNONLOCKED,CREDENTIALSNONEXPIRED) values ('huxley2067@gmail.com','$2a$10$5pOBUOC1KQ2Fck4WpdH/0OdiHOfAE9iyOgyeDSjaSzgsuDl8emnhi',24,2,1,1,1,1);
Insert into USER_ROLE (USERNAME,PASSWORD,CUSTOMERID,ROLE,ENABLED,ACCOUNTNONEXPIRED,ACCOUNTNONLOCKED,CREDENTIALSNONEXPIRED) values ('hernandez51247@gmail.com','$2a$10$5pOBUOC1KQ2Fck4WpdH/0OdiHOfAE9iyOgyeDSjaSzgsuDl8emnhi',25,2,1,1,1,1);
Insert into USER_ROLE (USERNAME,PASSWORD,CUSTOMERID,ROLE,ENABLED,ACCOUNTNONEXPIRED,ACCOUNTNONLOCKED,CREDENTIALSNONEXPIRED) values ('frick24067@gmail.com','$2a$10$5pOBUOC1KQ2Fck4WpdH/0OdiHOfAE9iyOgyeDSjaSzgsuDl8emnhi',26,2,1,1,1,1);
Insert into USER_ROLE (USERNAME,PASSWORD,CUSTOMERID,ROLE,ENABLED,ACCOUNTNONEXPIRED,ACCOUNTNONLOCKED,CREDENTIALSNONEXPIRED) values ('huang50553@gmail.com','$2a$10$5pOBUOC1KQ2Fck4WpdH/0OdiHOfAE9iyOgyeDSjaSzgsuDl8emnhi',27,2,1,1,1,1);
Insert into USER_ROLE (USERNAME,PASSWORD,CUSTOMERID,ROLE,ENABLED,ACCOUNTNONEXPIRED,ACCOUNTNONLOCKED,CREDENTIALSNONEXPIRED) values ('brown94217@gmail.com','$2a$10$5pOBUOC1KQ2Fck4WpdH/0OdiHOfAE9iyOgyeDSjaSzgsuDl8emnhi',28,2,1,1,1,1);
Insert into USER_ROLE (USERNAME,PASSWORD,CUSTOMERID,ROLE,ENABLED,ACCOUNTNONEXPIRED,ACCOUNTNONLOCKED,CREDENTIALSNONEXPIRED) values ('brown94019@gmail.com','$2a$10$5pOBUOC1KQ2Fck4WpdH/0OdiHOfAE9iyOgyeDSjaSzgsuDl8emnhi',29,2,1,1,1,1);
Insert into USER_ROLE (USERNAME,PASSWORD,CUSTOMERID,ROLE,ENABLED,ACCOUNTNONEXPIRED,ACCOUNTNONLOCKED,CREDENTIALSNONEXPIRED) values ('calaghan4101@gmail.com','$2a$10$5pOBUOC1KQ2Fck4WpdH/0OdiHOfAE9iyOgyeDSjaSzgsuDl8emnhi',30,2,1,1,1,1);
Insert into USER_ROLE (USERNAME,PASSWORD,CUSTOMERID,ROLE,ENABLED,ACCOUNTNONEXPIRED,ACCOUNTNONLOCKED,CREDENTIALSNONEXPIRED) values ('cervantes71270@gmail.com','$2a$10$5pOBUOC1KQ2Fck4WpdH/0OdiHOfAE9iyOgyeDSjaSzgsuDl8emnhi',31,2,1,1,1,1);
Insert into USER_ROLE (USERNAME,PASSWORD,CUSTOMERID,ROLE,ENABLED,ACCOUNTNONEXPIRED,ACCOUNTNONLOCKED,CREDENTIALSNONEXPIRED) values ('chandler91003@gmail.com','$2a$10$5pOBUOC1KQ2Fck4WpdH/0OdiHOfAE9iyOgyeDSjaSzgsuDl8emnhi',32,2,1,1,1,1);
Insert into USER_ROLE (USERNAME,PASSWORD,CUSTOMERID,ROLE,ENABLED,ACCOUNTNONEXPIRED,ACCOUNTNONLOCKED,CREDENTIALSNONEXPIRED) values ('mckenna@gmail.com','$2a$10$5pOBUOC1KQ2Fck4WpdH/0OdiHOfAE9iyOgyeDSjaSzgsuDl8emnhi',33,2,1,1,1,1);
Insert into USER_ROLE (USERNAME,PASSWORD,CUSTOMERID,ROLE,ENABLED,ACCOUNTNONEXPIRED,ACCOUNTNONLOCKED,CREDENTIALSNONEXPIRED) values ('kuger0028@gmail.com','$2a$10$5pOBUOC1KQ2Fck4WpdH/0OdiHOfAE9iyOgyeDSjaSzgsuDl8emnhi',34,2,1,1,1,1);
Insert into USER_ROLE (USERNAME,PASSWORD,CUSTOMERID,ROLE,ENABLED,ACCOUNTNONEXPIRED,ACCOUNTNONLOCKED,CREDENTIALSNONEXPIRED) values ('yoshido51003@gmail.com','$2a$10$5pOBUOC1KQ2Fck4WpdH/0OdiHOfAE9iyOgyeDSjaSzgsuDl8emnhi',35,2,1,1,1,1);
Insert into USER_ROLE (USERNAME,PASSWORD,CUSTOMERID,ROLE,ENABLED,ACCOUNTNONEXPIRED,ACCOUNTNONLOCKED,CREDENTIALSNONEXPIRED) values ('young62005@gmail.com','$2a$10$5pOBUOC1KQ2Fck4WpdH/0OdiHOfAE9iyOgyeDSjaSzgsuDl8emnhi',36,2,1,1,1,1);
Insert into USER_ROLE (USERNAME,PASSWORD,CUSTOMERID,ROLE,ENABLED,ACCOUNTNONEXPIRED,ACCOUNTNONLOCKED,CREDENTIALSNONEXPIRED) values ('nelson58339@gmail.com','$2a$10$5pOBUOC1KQ2Fck4WpdH/0OdiHOfAE9iyOgyeDSjaSzgsuDl8emnhi',37,2,1,1,1,1);
Insert into USER_ROLE (USERNAME,PASSWORD,CUSTOMERID,ROLE,ENABLED,ACCOUNTNONEXPIRED,ACCOUNTNONLOCKED,CREDENTIALSNONEXPIRED) values ('shimamura106-0032@gmail.com','$2a$10$5pOBUOC1KQ2Fck4WpdH/0OdiHOfAE9iyOgyeDSjaSzgsuDl8emnhi',38,2,1,1,1,1);
Insert into USER_ROLE (USERNAME,PASSWORD,CUSTOMERID,ROLE,ENABLED,ACCOUNTNONEXPIRED,ACCOUNTNONLOCKED,CREDENTIALSNONEXPIRED) values ('hernandez10022@gmail.com','$2a$10$5pOBUOC1KQ2Fck4WpdH/0OdiHOfAE9iyOgyeDSjaSzgsuDl8emnhi',39,2,1,1,1,1);
Insert into USER_ROLE (USERNAME,PASSWORD,CUSTOMERID,ROLE,ENABLED,ACCOUNTNONEXPIRED,ACCOUNTNONLOCKED,CREDENTIALSNONEXPIRED) values ('lewis97561@gmail.com','$2a$10$5pOBUOC1KQ2Fck4WpdH/0OdiHOfAE9iyOgyeDSjaSzgsuDl8emnhi',40,2,1,1,1,1);
Insert into USER_ROLE (USERNAME,PASSWORD,CUSTOMERID,ROLE,ENABLED,ACCOUNTNONEXPIRED,ACCOUNTNONLOCKED,CREDENTIALSNONEXPIRED) values ('frick94217@gmail.com','$2a$10$5pOBUOC1KQ2Fck4WpdH/0OdiHOfAE9iyOgyeDSjaSzgsuDl8emnhi',41,2,1,1,1,1);
Insert into USER_ROLE (USERNAME,PASSWORD,CUSTOMERID,ROLE,ENABLED,ACCOUNTNONEXPIRED,ACCOUNTNONLOCKED,CREDENTIALSNONEXPIRED) values ('murphy97823@gmail.com','$2a$10$5pOBUOC1KQ2Fck4WpdH/0OdiHOfAE9iyOgyeDSjaSzgsuDl8emnhi',42,2,1,1,1,1);
Insert into USER_ROLE (USERNAME,PASSWORD,CUSTOMERID,ROLE,ENABLED,ACCOUNTNONEXPIRED,ACCOUNTNONLOCKED,CREDENTIALSNONEXPIRED) values ('choi10022@gmail.com','$2a$10$5pOBUOC1KQ2Fck4WpdH/0OdiHOfAE9iyOgyeDSjaSzgsuDl8emnhi',43,2,1,1,1,1);
Insert into USER_ROLE (USERNAME,PASSWORD,CUSTOMERID,ROLE,ENABLED,ACCOUNTNONEXPIRED,ACCOUNTNONLOCKED,CREDENTIALSNONEXPIRED) values ('benitez50553@gmail.com','$2a$10$5pOBUOC1KQ2Fck4WpdH/0OdiHOfAE9iyOgyeDSjaSzgsuDl8emnhi',44,2,1,1,1,1);
Insert into USER_ROLE (USERNAME,PASSWORD,CUSTOMERID,ROLE,ENABLED,ACCOUNTNONEXPIRED,ACCOUNTNONLOCKED,CREDENTIALSNONEXPIRED) values ('clenahan3150@gmail.com','$2a$10$5pOBUOC1KQ2Fck4WpdH/0OdiHOfAE9iyOgyeDSjaSzgsuDl8emnhi',45,2,1,1,1,1);
Insert into USER_ROLE (USERNAME,PASSWORD,CUSTOMERID,ROLE,ENABLED,ACCOUNTNONEXPIRED,ACCOUNTNONLOCKED,CREDENTIALSNONEXPIRED) values ('thompson94019@gmail.com','$2a$10$5pOBUOC1KQ2Fck4WpdH/0OdiHOfAE9iyOgyeDSjaSzgsuDl8emnhi',46,2,1,1,1,1);
Insert into USER_ROLE (USERNAME,PASSWORD,CUSTOMERID,ROLE,ENABLED,ACCOUNTNONEXPIRED,ACCOUNTNONLOCKED,CREDENTIALSNONEXPIRED) values ('salazar71270@gmail.com','$2a$10$5pOBUOC1KQ2Fck4WpdH/0OdiHOfAE9iyOgyeDSjaSzgsuDl8emnhi',47,2,1,1,1,1);
Insert into USER_ROLE (USERNAME,PASSWORD,CUSTOMERID,ROLE,ENABLED,ACCOUNTNONEXPIRED,ACCOUNTNONLOCKED,CREDENTIALSNONEXPIRED) values ('taylor94217@gmail.com','$2a$10$5pOBUOC1KQ2Fck4WpdH/0OdiHOfAE9iyOgyeDSjaSzgsuDl8emnhi',48,2,1,1,1,1);
Insert into USER_ROLE (USERNAME,PASSWORD,CUSTOMERID,ROLE,ENABLED,ACCOUNTNONEXPIRED,ACCOUNTNONLOCKED,CREDENTIALSNONEXPIRED) values ('franco51003@gmail.com','$2a$10$5pOBUOC1KQ2Fck4WpdH/0OdiHOfAE9iyOgyeDSjaSzgsuDl8emnhi',49,2,1,1,1,1);
Insert into USER_ROLE (USERNAME,PASSWORD,CUSTOMERID,ROLE,ENABLED,ACCOUNTNONEXPIRED,ACCOUNTNONLOCKED,CREDENTIALSNONEXPIRED) values ('admin@gmail.com','$2a$10$5pOBUOC1KQ2Fck4WpdH/0OdiHOfAE9iyOgyeDSjaSzgsuDl8emnhi',101,1,1,1,1,1);
--------------------------------------------------------
--  DDL for Index B_ID_PK
--------------------------------------------------------

  CREATE UNIQUE INDEX "B_ID_PK" ON "BOOK" ("ID") 
  PCTFREE 10 INITRANS 2 MAXTRANS 255 COMPUTE STATISTICS 
  STORAGE(INITIAL 65536 NEXT 1048576 MINEXTENTS 1 MAXEXTENTS 2147483645
  PCTINCREASE 0 FREELISTS 1 FREELIST GROUPS 1
  BUFFER_POOL DEFAULT FLASH_CACHE DEFAULT CELL_FLASH_CACHE DEFAULT)
  TABLESPACE "SYSTEM" ;
/
--------------------------------------------------------
--  DDL for Index BA_PK
--------------------------------------------------------

  CREATE UNIQUE INDEX "BA_PK" ON "BOOK_AUTHOR" ("BOOKID", "AUTHORID") 
  PCTFREE 10 INITRANS 2 MAXTRANS 255 COMPUTE STATISTICS 
  STORAGE(INITIAL 65536 NEXT 1048576 MINEXTENTS 1 MAXEXTENTS 2147483645
  PCTINCREASE 0 FREELISTS 1 FREELIST GROUPS 1
  BUFFER_POOL DEFAULT FLASH_CACHE DEFAULT CELL_FLASH_CACHE DEFAULT)
  TABLESPACE "SYSTEM" ;
/
--------------------------------------------------------
--  DDL for Index CATEGORY_ID_PK
--------------------------------------------------------

  CREATE UNIQUE INDEX "CATEGORY_ID_PK" ON "CATEGORY" ("ID") 
  PCTFREE 10 INITRANS 2 MAXTRANS 255 COMPUTE STATISTICS 
  STORAGE(INITIAL 65536 NEXT 1048576 MINEXTENTS 1 MAXEXTENTS 2147483645
  PCTINCREASE 0 FREELISTS 1 FREELIST GROUPS 1
  BUFFER_POOL DEFAULT FLASH_CACHE DEFAULT CELL_FLASH_CACHE DEFAULT)
  TABLESPACE "SYSTEM" ;
/
--------------------------------------------------------
--  DDL for Index C_ID_PK
--------------------------------------------------------

  CREATE UNIQUE INDEX "C_ID_PK" ON "CUSTOMER" ("ID") 
  PCTFREE 10 INITRANS 2 MAXTRANS 255 COMPUTE STATISTICS 
  STORAGE(INITIAL 65536 NEXT 1048576 MINEXTENTS 1 MAXEXTENTS 2147483645
  PCTINCREASE 0 FREELISTS 1 FREELIST GROUPS 1
  BUFFER_POOL DEFAULT FLASH_CACHE DEFAULT CELL_FLASH_CACHE DEFAULT)
  TABLESPACE "SYSTEM" ;
/
--------------------------------------------------------
--  DDL for Index CC_CARDID_PK
--------------------------------------------------------

  CREATE UNIQUE INDEX "CC_CARDID_PK" ON "CUSTOMER_CARD" ("CARDID") 
  PCTFREE 10 INITRANS 2 MAXTRANS 255 COMPUTE STATISTICS 
  STORAGE(INITIAL 65536 NEXT 1048576 MINEXTENTS 1 MAXEXTENTS 2147483645
  PCTINCREASE 0 FREELISTS 1 FREELIST GROUPS 1
  BUFFER_POOL DEFAULT FLASH_CACHE DEFAULT CELL_FLASH_CACHE DEFAULT)
  TABLESPACE "SYSTEM" ;
/
--------------------------------------------------------
--  DDL for Index SYS_C009924
--------------------------------------------------------

  CREATE UNIQUE INDEX "SYS_C009924" ON "INVENTORY" ("BARCODE") 
  PCTFREE 10 INITRANS 2 MAXTRANS 255 COMPUTE STATISTICS 
  STORAGE(INITIAL 65536 NEXT 1048576 MINEXTENTS 1 MAXEXTENTS 2147483645
  PCTINCREASE 0 FREELISTS 1 FREELIST GROUPS 1
  BUFFER_POOL DEFAULT FLASH_CACHE DEFAULT CELL_FLASH_CACHE DEFAULT)
  TABLESPACE "SYSTEM" ;
/
--------------------------------------------------------
--  DDL for Index OD_ID_PK
--------------------------------------------------------

  CREATE UNIQUE INDEX "OD_ID_PK" ON "ORDER_DETAIL" ("ID") 
  PCTFREE 10 INITRANS 2 MAXTRANS 255 COMPUTE STATISTICS 
  STORAGE(INITIAL 65536 NEXT 1048576 MINEXTENTS 1 MAXEXTENTS 2147483645
  PCTINCREASE 0 FREELISTS 1 FREELIST GROUPS 1
  BUFFER_POOL DEFAULT FLASH_CACHE DEFAULT CELL_FLASH_CACHE DEFAULT)
  TABLESPACE "SYSTEM" ;
/
--------------------------------------------------------
--  DDL for Index O_ID_PK
--------------------------------------------------------

  CREATE UNIQUE INDEX "O_ID_PK" ON "ORDERS" ("ID") 
  PCTFREE 10 INITRANS 2 MAXTRANS 255 COMPUTE STATISTICS 
  STORAGE(INITIAL 65536 NEXT 1048576 MINEXTENTS 1 MAXEXTENTS 2147483645
  PCTINCREASE 0 FREELISTS 1 FREELIST GROUPS 1
  BUFFER_POOL DEFAULT FLASH_CACHE DEFAULT CELL_FLASH_CACHE DEFAULT)
  TABLESPACE "SYSTEM" ;
/
--------------------------------------------------------
--  DDL for Index PRICE_HIS_PK
--------------------------------------------------------

  CREATE UNIQUE INDEX "PRICE_HIS_PK" ON "PRICE_HISTORY" ("BOOKID", "STARTDATE") 
  PCTFREE 10 INITRANS 2 MAXTRANS 255 COMPUTE STATISTICS 
  STORAGE(INITIAL 65536 NEXT 1048576 MINEXTENTS 1 MAXEXTENTS 2147483645
  PCTINCREASE 0 FREELISTS 1 FREELIST GROUPS 1
  BUFFER_POOL DEFAULT FLASH_CACHE DEFAULT CELL_FLASH_CACHE DEFAULT)
  TABLESPACE "SYSTEM" ;
/
--------------------------------------------------------
--  DDL for Index PUBLISHER_ID_PK
--------------------------------------------------------

  CREATE UNIQUE INDEX "PUBLISHER_ID_PK" ON "PUBLISHER" ("ID") 
  PCTFREE 10 INITRANS 2 MAXTRANS 255 COMPUTE STATISTICS 
  STORAGE(INITIAL 65536 NEXT 1048576 MINEXTENTS 1 MAXEXTENTS 2147483645
  PCTINCREASE 0 FREELISTS 1 FREELIST GROUPS 1
  BUFFER_POOL DEFAULT FLASH_CACHE DEFAULT CELL_FLASH_CACHE DEFAULT)
  TABLESPACE "SYSTEM" ;
/
--------------------------------------------------------
--  DDL for Index SHIPPING_ID_PK
--------------------------------------------------------

  CREATE UNIQUE INDEX "SHIPPING_ID_PK" ON "SHIPPING_ADDRESS" ("ID") 
  PCTFREE 10 INITRANS 2 MAXTRANS 255 COMPUTE STATISTICS 
  STORAGE(INITIAL 65536 NEXT 1048576 MINEXTENTS 1 MAXEXTENTS 2147483645
  PCTINCREASE 0 FREELISTS 1 FREELIST GROUPS 1
  BUFFER_POOL DEFAULT FLASH_CACHE DEFAULT CELL_FLASH_CACHE DEFAULT)
  TABLESPACE "SYSTEM" ;
/
--------------------------------------------------------
--  DDL for Index SD_PK
--------------------------------------------------------

  CREATE UNIQUE INDEX "SD_PK" ON "SHIPPING_DETAIL" ("ORDERDETAILID", "BARCODE") 
  PCTFREE 10 INITRANS 2 MAXTRANS 255 COMPUTE STATISTICS 
  STORAGE(INITIAL 65536 NEXT 1048576 MINEXTENTS 1 MAXEXTENTS 2147483645
  PCTINCREASE 0 FREELISTS 1 FREELIST GROUPS 1
  BUFFER_POOL DEFAULT FLASH_CACHE DEFAULT CELL_FLASH_CACHE DEFAULT)
  TABLESPACE "SYSTEM" ;
/
--------------------------------------------------------
--  DDL for Index SM_PK
--------------------------------------------------------

  CREATE UNIQUE INDEX "SM_PK" ON "STATIC_MASTER" ("FUNCTION_TYPE", "CODE", "NAME") 
  PCTFREE 10 INITRANS 2 MAXTRANS 255 COMPUTE STATISTICS 
  STORAGE(INITIAL 65536 NEXT 1048576 MINEXTENTS 1 MAXEXTENTS 2147483645
  PCTINCREASE 0 FREELISTS 1 FREELIST GROUPS 1
  BUFFER_POOL DEFAULT FLASH_CACHE DEFAULT CELL_FLASH_CACHE DEFAULT)
  TABLESPACE "SYSTEM" ;
/
--------------------------------------------------------
--  DDL for Index USER_ATTEMPTS_PK
--------------------------------------------------------

  CREATE UNIQUE INDEX "USER_ATTEMPTS_PK" ON "USER_ATTEMPTS" ("USERNAME") 
  PCTFREE 10 INITRANS 2 MAXTRANS 255 COMPUTE STATISTICS 
  STORAGE(INITIAL 65536 NEXT 1048576 MINEXTENTS 1 MAXEXTENTS 2147483645
  PCTINCREASE 0 FREELISTS 1 FREELIST GROUPS 1
  BUFFER_POOL DEFAULT FLASH_CACHE DEFAULT CELL_FLASH_CACHE DEFAULT)
  TABLESPACE "SYSTEM" ;
/
--------------------------------------------------------
--  DDL for Index SYS_C009858
--------------------------------------------------------

  CREATE UNIQUE INDEX "SYS_C009858" ON "USER_ROLE" ("USERNAME") 
  PCTFREE 10 INITRANS 2 MAXTRANS 255 COMPUTE STATISTICS 
  STORAGE(INITIAL 65536 NEXT 1048576 MINEXTENTS 1 MAXEXTENTS 2147483645
  PCTINCREASE 0 FREELISTS 1 FREELIST GROUPS 1
  BUFFER_POOL DEFAULT FLASH_CACHE DEFAULT CELL_FLASH_CACHE DEFAULT)
  TABLESPACE "SYSTEM" ;
/
--------------------------------------------------------
--  DDL for Index USER_ROLE_UK1
--------------------------------------------------------

  CREATE UNIQUE INDEX "USER_ROLE_UK1" ON "USER_ROLE" ("CUSTOMERID") 
  PCTFREE 10 INITRANS 2 MAXTRANS 255 COMPUTE STATISTICS 
  STORAGE(INITIAL 65536 NEXT 1048576 MINEXTENTS 1 MAXEXTENTS 2147483645
  PCTINCREASE 0 FREELISTS 1 FREELIST GROUPS 1
  BUFFER_POOL DEFAULT FLASH_CACHE DEFAULT CELL_FLASH_CACHE DEFAULT)
  TABLESPACE "SYSTEM" ;
/
--------------------------------------------------------
--  Constraints for Table BOOK
--------------------------------------------------------

  ALTER TABLE "BOOK" MODIFY ("NAME" NOT NULL ENABLE);
  ALTER TABLE "BOOK" MODIFY ("HARDCOVERPATH" NOT NULL ENABLE);
  ALTER TABLE "BOOK" MODIFY ("PUBLISHERID" NOT NULL ENABLE);
  ALTER TABLE "BOOK" MODIFY ("CATEGORYID" NOT NULL ENABLE);
  ALTER TABLE "BOOK" ADD CONSTRAINT "B_ID_PK" PRIMARY KEY ("ID")
  USING INDEX PCTFREE 10 INITRANS 2 MAXTRANS 255 COMPUTE STATISTICS 
  STORAGE(INITIAL 65536 NEXT 1048576 MINEXTENTS 1 MAXEXTENTS 2147483645
  PCTINCREASE 0 FREELISTS 1 FREELIST GROUPS 1
  BUFFER_POOL DEFAULT FLASH_CACHE DEFAULT CELL_FLASH_CACHE DEFAULT)
  TABLESPACE "SYSTEM"  ENABLE;
/
--------------------------------------------------------
--  Constraints for Table BOOK_AUTHOR
--------------------------------------------------------

  ALTER TABLE "BOOK_AUTHOR" MODIFY ("BOOKID" NOT NULL ENABLE);
  ALTER TABLE "BOOK_AUTHOR" MODIFY ("AUTHORID" NOT NULL ENABLE);
  ALTER TABLE "BOOK_AUTHOR" ADD CONSTRAINT "BA_PK" PRIMARY KEY ("BOOKID", "AUTHORID")
  USING INDEX PCTFREE 10 INITRANS 2 MAXTRANS 255 COMPUTE STATISTICS 
  STORAGE(INITIAL 65536 NEXT 1048576 MINEXTENTS 1 MAXEXTENTS 2147483645
  PCTINCREASE 0 FREELISTS 1 FREELIST GROUPS 1
  BUFFER_POOL DEFAULT FLASH_CACHE DEFAULT CELL_FLASH_CACHE DEFAULT)
  TABLESPACE "SYSTEM"  ENABLE;
/
--------------------------------------------------------
--  Constraints for Table CATEGORY
--------------------------------------------------------

  ALTER TABLE "CATEGORY" MODIFY ("NAME" NOT NULL ENABLE);
  ALTER TABLE "CATEGORY" ADD CONSTRAINT "CATEGORY_ID_PK" PRIMARY KEY ("ID")
  USING INDEX PCTFREE 10 INITRANS 2 MAXTRANS 255 COMPUTE STATISTICS 
  STORAGE(INITIAL 65536 NEXT 1048576 MINEXTENTS 1 MAXEXTENTS 2147483645
  PCTINCREASE 0 FREELISTS 1 FREELIST GROUPS 1
  BUFFER_POOL DEFAULT FLASH_CACHE DEFAULT CELL_FLASH_CACHE DEFAULT)
  TABLESPACE "SYSTEM"  ENABLE;
  ALTER TABLE "CATEGORY" MODIFY ("ID" NOT NULL ENABLE);
/
--------------------------------------------------------
--  Constraints for Table CUSTOMER
--------------------------------------------------------

  ALTER TABLE "CUSTOMER" MODIFY ("FIRST_NAME" NOT NULL ENABLE);
  ALTER TABLE "CUSTOMER" MODIFY ("LAST_NAME" NOT NULL ENABLE);
  ALTER TABLE "CUSTOMER" MODIFY ("ADDRESS" NOT NULL ENABLE);
  ALTER TABLE "CUSTOMER" MODIFY ("CITY" NOT NULL ENABLE);
  ALTER TABLE "CUSTOMER" MODIFY ("STATE" NOT NULL ENABLE);
  ALTER TABLE "CUSTOMER" MODIFY ("EMAIL" NOT NULL ENABLE);
  ALTER TABLE "CUSTOMER" ADD CONSTRAINT "C_ID_PK" PRIMARY KEY ("ID")
  USING INDEX PCTFREE 10 INITRANS 2 MAXTRANS 255 COMPUTE STATISTICS 
  STORAGE(INITIAL 65536 NEXT 1048576 MINEXTENTS 1 MAXEXTENTS 2147483645
  PCTINCREASE 0 FREELISTS 1 FREELIST GROUPS 1
  BUFFER_POOL DEFAULT FLASH_CACHE DEFAULT CELL_FLASH_CACHE DEFAULT)
  TABLESPACE "SYSTEM"  ENABLE;
  ALTER TABLE "CUSTOMER" ADD UNIQUE ("EMAIL") DISABLE;
  ALTER TABLE "CUSTOMER" ADD CONSTRAINT "CUS_CK_EMAIL" CHECK (email LIKE '%@%.%' AND email NOT LIKE '@%' AND email NOT LIKE '%@%@%'   ) ENABLE;
/
--------------------------------------------------------
--  Constraints for Table CUSTOMER_CARD
--------------------------------------------------------

  ALTER TABLE "CUSTOMER_CARD" MODIFY ("CARDNUMBER" NOT NULL ENABLE);
  ALTER TABLE "CUSTOMER_CARD" MODIFY ("HOLDERNAME" NOT NULL ENABLE);
  ALTER TABLE "CUSTOMER_CARD" MODIFY ("EXPIREDATE" NOT NULL ENABLE);
  ALTER TABLE "CUSTOMER_CARD" MODIFY ("SECURITYCODE" NOT NULL ENABLE);
  ALTER TABLE "CUSTOMER_CARD" MODIFY ("CUSTOMERID" NOT NULL ENABLE);
  ALTER TABLE "CUSTOMER_CARD" ADD CONSTRAINT "CC_CARDID_PK" PRIMARY KEY ("CARDID")
  USING INDEX PCTFREE 10 INITRANS 2 MAXTRANS 255 COMPUTE STATISTICS 
  STORAGE(INITIAL 65536 NEXT 1048576 MINEXTENTS 1 MAXEXTENTS 2147483645
  PCTINCREASE 0 FREELISTS 1 FREELIST GROUPS 1
  BUFFER_POOL DEFAULT FLASH_CACHE DEFAULT CELL_FLASH_CACHE DEFAULT)
  TABLESPACE "SYSTEM"  ENABLE;
/
--------------------------------------------------------
--  Constraints for Table INVENTORY
--------------------------------------------------------

  ALTER TABLE "INVENTORY" MODIFY ("BOOKID" NOT NULL ENABLE);
  ALTER TABLE "INVENTORY" MODIFY ("ISAVAILABLE" NOT NULL ENABLE);
  ALTER TABLE "INVENTORY" ADD PRIMARY KEY ("BARCODE")
  USING INDEX PCTFREE 10 INITRANS 2 MAXTRANS 255 COMPUTE STATISTICS 
  STORAGE(INITIAL 65536 NEXT 1048576 MINEXTENTS 1 MAXEXTENTS 2147483645
  PCTINCREASE 0 FREELISTS 1 FREELIST GROUPS 1
  BUFFER_POOL DEFAULT FLASH_CACHE DEFAULT CELL_FLASH_CACHE DEFAULT)
  TABLESPACE "SYSTEM"  ENABLE;
/
--------------------------------------------------------
--  Constraints for Table ORDER_DETAIL
--------------------------------------------------------

  ALTER TABLE "ORDER_DETAIL" MODIFY ("UNIT_PRICE" NOT NULL ENABLE);
  ALTER TABLE "ORDER_DETAIL" MODIFY ("ORDERID" NOT NULL ENABLE);
  ALTER TABLE "ORDER_DETAIL" MODIFY ("BOOKID" NOT NULL ENABLE);
  ALTER TABLE "ORDER_DETAIL" MODIFY ("QUANTITY" NOT NULL ENABLE);
  ALTER TABLE "ORDER_DETAIL" ADD CONSTRAINT "OD_ID_PK" PRIMARY KEY ("ID")
  USING INDEX PCTFREE 10 INITRANS 2 MAXTRANS 255 COMPUTE STATISTICS 
  STORAGE(INITIAL 65536 NEXT 1048576 MINEXTENTS 1 MAXEXTENTS 2147483645
  PCTINCREASE 0 FREELISTS 1 FREELIST GROUPS 1
  BUFFER_POOL DEFAULT FLASH_CACHE DEFAULT CELL_FLASH_CACHE DEFAULT)
  TABLESPACE "SYSTEM"  ENABLE;
/
--------------------------------------------------------
--  Constraints for Table ORDERS
--------------------------------------------------------

  ALTER TABLE "ORDERS" MODIFY ("CUSTOMERID" NOT NULL ENABLE);
  ALTER TABLE "ORDERS" MODIFY ("CREATEDATE" NOT NULL ENABLE);
  ALTER TABLE "ORDERS" ADD CONSTRAINT "O_ID_PK" PRIMARY KEY ("ID")
  USING INDEX PCTFREE 10 INITRANS 2 MAXTRANS 255 COMPUTE STATISTICS 
  STORAGE(INITIAL 65536 NEXT 1048576 MINEXTENTS 1 MAXEXTENTS 2147483645
  PCTINCREASE 0 FREELISTS 1 FREELIST GROUPS 1
  BUFFER_POOL DEFAULT FLASH_CACHE DEFAULT CELL_FLASH_CACHE DEFAULT)
  TABLESPACE "SYSTEM"  ENABLE;
  ALTER TABLE "ORDERS" MODIFY ("CARDID" NOT NULL ENABLE);
/
--------------------------------------------------------
--  Constraints for Table PRICE_HISTORY
--------------------------------------------------------

  ALTER TABLE "PRICE_HISTORY" ADD CONSTRAINT "PRICE_HIS_PK" PRIMARY KEY ("BOOKID", "STARTDATE")
  USING INDEX PCTFREE 10 INITRANS 2 MAXTRANS 255 COMPUTE STATISTICS 
  STORAGE(INITIAL 65536 NEXT 1048576 MINEXTENTS 1 MAXEXTENTS 2147483645
  PCTINCREASE 0 FREELISTS 1 FREELIST GROUPS 1
  BUFFER_POOL DEFAULT FLASH_CACHE DEFAULT CELL_FLASH_CACHE DEFAULT)
  TABLESPACE "SYSTEM"  ENABLE;
  ALTER TABLE "PRICE_HISTORY" MODIFY ("BOOKID" NOT NULL ENABLE);
  ALTER TABLE "PRICE_HISTORY" MODIFY ("STARTDATE" NOT NULL ENABLE);
  ALTER TABLE "PRICE_HISTORY" MODIFY ("INVOICEPRICE" NOT NULL ENABLE);
  ALTER TABLE "PRICE_HISTORY" MODIFY ("SELLPRICE" NOT NULL ENABLE);
  ALTER TABLE "PRICE_HISTORY" MODIFY ("CREATEDATE" NOT NULL ENABLE);
/
--------------------------------------------------------
--  Constraints for Table PUBLISHER
--------------------------------------------------------

  ALTER TABLE "PUBLISHER" MODIFY ("NAME" NOT NULL ENABLE);
  ALTER TABLE "PUBLISHER" MODIFY ("ADDRESS" NOT NULL ENABLE);
  ALTER TABLE "PUBLISHER" MODIFY ("CITY" NOT NULL ENABLE);
  ALTER TABLE "PUBLISHER" MODIFY ("STATE" NOT NULL ENABLE);
  ALTER TABLE "PUBLISHER" MODIFY ("PHONE" NOT NULL ENABLE);
  ALTER TABLE "PUBLISHER" ADD CONSTRAINT "PUBLISHER_ID_PK" PRIMARY KEY ("ID")
  USING INDEX PCTFREE 10 INITRANS 2 MAXTRANS 255 COMPUTE STATISTICS 
  STORAGE(INITIAL 65536 NEXT 1048576 MINEXTENTS 1 MAXEXTENTS 2147483645
  PCTINCREASE 0 FREELISTS 1 FREELIST GROUPS 1
  BUFFER_POOL DEFAULT FLASH_CACHE DEFAULT CELL_FLASH_CACHE DEFAULT)
  TABLESPACE "SYSTEM"  ENABLE;
/
--------------------------------------------------------
--  Constraints for Table SHIPPING_ADDRESS
--------------------------------------------------------

  ALTER TABLE "SHIPPING_ADDRESS" MODIFY ("ADDRESS" NOT NULL ENABLE);
  ALTER TABLE "SHIPPING_ADDRESS" MODIFY ("CITY" NOT NULL ENABLE);
  ALTER TABLE "SHIPPING_ADDRESS" MODIFY ("STATE" NOT NULL ENABLE);
  ALTER TABLE "SHIPPING_ADDRESS" ADD CONSTRAINT "SHIPPING_ID_PK" PRIMARY KEY ("ID")
  USING INDEX PCTFREE 10 INITRANS 2 MAXTRANS 255 COMPUTE STATISTICS 
  STORAGE(INITIAL 65536 NEXT 1048576 MINEXTENTS 1 MAXEXTENTS 2147483645
  PCTINCREASE 0 FREELISTS 1 FREELIST GROUPS 1
  BUFFER_POOL DEFAULT FLASH_CACHE DEFAULT CELL_FLASH_CACHE DEFAULT)
  TABLESPACE "SYSTEM"  ENABLE;
/
--------------------------------------------------------
--  Constraints for Table SHIPPING_DETAIL
--------------------------------------------------------

  ALTER TABLE "SHIPPING_DETAIL" ADD CONSTRAINT "SD_PK" PRIMARY KEY ("ORDERDETAILID", "BARCODE")
  USING INDEX PCTFREE 10 INITRANS 2 MAXTRANS 255 COMPUTE STATISTICS 
  STORAGE(INITIAL 65536 NEXT 1048576 MINEXTENTS 1 MAXEXTENTS 2147483645
  PCTINCREASE 0 FREELISTS 1 FREELIST GROUPS 1
  BUFFER_POOL DEFAULT FLASH_CACHE DEFAULT CELL_FLASH_CACHE DEFAULT)
  TABLESPACE "SYSTEM"  ENABLE;
  ALTER TABLE "SHIPPING_DETAIL" MODIFY ("ORDERDETAILID" NOT NULL ENABLE);
  ALTER TABLE "SHIPPING_DETAIL" MODIFY ("BARCODE" NOT NULL ENABLE);
/
--------------------------------------------------------
--  Constraints for Table STATIC_MASTER
--------------------------------------------------------

  ALTER TABLE "STATIC_MASTER" MODIFY ("NAME" NOT NULL ENABLE);
  ALTER TABLE "STATIC_MASTER" ADD CONSTRAINT "SM_PK" PRIMARY KEY ("FUNCTION_TYPE", "CODE", "NAME")
  USING INDEX PCTFREE 10 INITRANS 2 MAXTRANS 255 COMPUTE STATISTICS 
  STORAGE(INITIAL 65536 NEXT 1048576 MINEXTENTS 1 MAXEXTENTS 2147483645
  PCTINCREASE 0 FREELISTS 1 FREELIST GROUPS 1
  BUFFER_POOL DEFAULT FLASH_CACHE DEFAULT CELL_FLASH_CACHE DEFAULT)
  TABLESPACE "SYSTEM"  ENABLE;
/
--------------------------------------------------------
--  Constraints for Table USER_ATTEMPTS
--------------------------------------------------------

  ALTER TABLE "USER_ATTEMPTS" MODIFY ("USERNAME" NOT NULL ENABLE);
  ALTER TABLE "USER_ATTEMPTS" MODIFY ("ATTEMPTS" NOT NULL ENABLE);
  ALTER TABLE "USER_ATTEMPTS" MODIFY ("LASTMODIFIED" NOT NULL ENABLE);
  ALTER TABLE "USER_ATTEMPTS" ADD CONSTRAINT "USER_ATTEMPTS_PK" PRIMARY KEY ("USERNAME")
  USING INDEX PCTFREE 10 INITRANS 2 MAXTRANS 255 COMPUTE STATISTICS 
  STORAGE(INITIAL 65536 NEXT 1048576 MINEXTENTS 1 MAXEXTENTS 2147483645
  PCTINCREASE 0 FREELISTS 1 FREELIST GROUPS 1
  BUFFER_POOL DEFAULT FLASH_CACHE DEFAULT CELL_FLASH_CACHE DEFAULT)
  TABLESPACE "SYSTEM"  ENABLE;
/
--------------------------------------------------------
--  Constraints for Table USER_ROLE
--------------------------------------------------------

  ALTER TABLE "USER_ROLE" MODIFY ("PASSWORD" NOT NULL ENABLE);
  ALTER TABLE "USER_ROLE" ADD CONSTRAINT "SYS_C009858" PRIMARY KEY ("USERNAME")
  USING INDEX PCTFREE 10 INITRANS 2 MAXTRANS 255 COMPUTE STATISTICS 
  STORAGE(INITIAL 65536 NEXT 1048576 MINEXTENTS 1 MAXEXTENTS 2147483645
  PCTINCREASE 0 FREELISTS 1 FREELIST GROUPS 1
  BUFFER_POOL DEFAULT FLASH_CACHE DEFAULT CELL_FLASH_CACHE DEFAULT)
  TABLESPACE "SYSTEM"  ENABLE;
  ALTER TABLE "USER_ROLE" ADD CONSTRAINT "USER_ROLE_CK" CHECK (ROLE IN (1, 2)) ENABLE;
  ALTER TABLE "USER_ROLE" MODIFY ("ENABLED" NOT NULL ENABLE);
  ALTER TABLE "USER_ROLE" ADD CONSTRAINT "USER_ROLE_UK1" UNIQUE ("CUSTOMERID")
  USING INDEX PCTFREE 10 INITRANS 2 MAXTRANS 255 COMPUTE STATISTICS 
  STORAGE(INITIAL 65536 NEXT 1048576 MINEXTENTS 1 MAXEXTENTS 2147483645
  PCTINCREASE 0 FREELISTS 1 FREELIST GROUPS 1
  BUFFER_POOL DEFAULT FLASH_CACHE DEFAULT CELL_FLASH_CACHE DEFAULT)
  TABLESPACE "SYSTEM"  ENABLE;
  ALTER TABLE "USER_ROLE" MODIFY ("ROLE" NOT NULL ENABLE);
  ALTER TABLE "USER_ROLE" MODIFY ("ACCOUNTNONEXPIRED" NOT NULL ENABLE);
  ALTER TABLE "USER_ROLE" MODIFY ("ACCOUNTNONLOCKED" NOT NULL ENABLE);
  ALTER TABLE "USER_ROLE" MODIFY ("CREDENTIALSNONEXPIRED" NOT NULL ENABLE);
/
--------------------------------------------------------
--  Ref Constraints for Table BOOK
--------------------------------------------------------

  ALTER TABLE "BOOK" ADD CONSTRAINT "B_CATEID_FK" FOREIGN KEY ("CATEGORYID")
	  REFERENCES "CATEGORY" ("ID") ENABLE;
  ALTER TABLE "BOOK" ADD CONSTRAINT "F_B_PUBLID" FOREIGN KEY ("PUBLISHERID")
	  REFERENCES "PUBLISHER" ("ID") ENABLE;
/
--------------------------------------------------------
--  Ref Constraints for Table BOOK_AUTHOR
--------------------------------------------------------

  ALTER TABLE "BOOK_AUTHOR" ADD CONSTRAINT "BA_AUTHORID_FK" FOREIGN KEY ("AUTHORID")
	  REFERENCES "AUTHOR" ("ID") ENABLE;
  ALTER TABLE "BOOK_AUTHOR" ADD CONSTRAINT "BA_BOOID_FK" FOREIGN KEY ("BOOKID")
	  REFERENCES "BOOK" ("ID") ENABLE;
/
--------------------------------------------------------
--  Ref Constraints for Table CUSTOMER_CARD
--------------------------------------------------------

  ALTER TABLE "CUSTOMER_CARD" ADD CONSTRAINT "CC_CUSTID_FK" FOREIGN KEY ("CUSTOMERID")
	  REFERENCES "CUSTOMER" ("ID") ENABLE;
/
--------------------------------------------------------
--  Ref Constraints for Table INVENTORY
--------------------------------------------------------

  ALTER TABLE "INVENTORY" ADD CONSTRAINT "F_BOOKID_INVENTY" FOREIGN KEY ("BOOKID")
	  REFERENCES "BOOK" ("ID") ENABLE;
/
--------------------------------------------------------
--  Ref Constraints for Table ORDER_DETAIL
--------------------------------------------------------

  ALTER TABLE "ORDER_DETAIL" ADD CONSTRAINT "F_OD_BOOKID" FOREIGN KEY ("BOOKID")
	  REFERENCES "BOOK" ("ID") ENABLE;
  ALTER TABLE "ORDER_DETAIL" ADD CONSTRAINT "F_OD_ORDERID" FOREIGN KEY ("ORDERID")
	  REFERENCES "ORDERS" ("ID") ENABLE;
/
--------------------------------------------------------
--  Ref Constraints for Table ORDERS
--------------------------------------------------------

  ALTER TABLE "ORDERS" ADD CONSTRAINT "F_O_CUSTID" FOREIGN KEY ("CUSTOMERID")
	  REFERENCES "CUSTOMER" ("ID") ENABLE;
  ALTER TABLE "ORDERS" ADD CONSTRAINT "ORDER_CARD_ID" FOREIGN KEY ("CARDID")
	  REFERENCES "CUSTOMER_CARD" ("CARDID") ENABLE;
  ALTER TABLE "ORDERS" ADD CONSTRAINT "ORDER_SHIP_ID" FOREIGN KEY ("SHIPPINGID")
	  REFERENCES "SHIPPING_ADDRESS" ("ID") ENABLE;
/
--------------------------------------------------------
--  Ref Constraints for Table PRICE_HISTORY
--------------------------------------------------------

  ALTER TABLE "PRICE_HISTORY" ADD CONSTRAINT "PRICE_HIS_BOOKID_FK" FOREIGN KEY ("BOOKID")
	  REFERENCES "BOOK" ("ID") ENABLE;
/
--------------------------------------------------------
--  Ref Constraints for Table REVIEW
--------------------------------------------------------

  ALTER TABLE "REVIEW" ADD CONSTRAINT "F_R_BOOKID" FOREIGN KEY ("BOOKID")
	  REFERENCES "BOOK" ("ID") ENABLE;
  ALTER TABLE "REVIEW" ADD CONSTRAINT "F_R_POSTERID" FOREIGN KEY ("POSTERID")
	  REFERENCES "CUSTOMER" ("ID") ENABLE;
/
--------------------------------------------------------
--  Ref Constraints for Table SHIPPING_DETAIL
--------------------------------------------------------

  ALTER TABLE "SHIPPING_DETAIL" ADD CONSTRAINT "SD_BARCODE_FK" FOREIGN KEY ("BARCODE")
	  REFERENCES "INVENTORY" ("BARCODE") ENABLE;
  ALTER TABLE "SHIPPING_DETAIL" ADD CONSTRAINT "SD_ORDERDETAILID_FK" FOREIGN KEY ("ORDERDETAILID")
	  REFERENCES "ORDER_DETAIL" ("ID") ENABLE;
/
--------------------------------------------------------
--  Ref Constraints for Table USER_ROLE
--------------------------------------------------------

  ALTER TABLE "USER_ROLE" ADD CONSTRAINT "USER_CUSTID_FK" FOREIGN KEY ("CUSTOMERID")
	  REFERENCES "CUSTOMER" ("ID") ENABLE;
/
--------------------------------------------------------
--  DDL for Trigger BOOK_TG
--------------------------------------------------------

  CREATE OR REPLACE NONEDITIONABLE TRIGGER "BOOK_TG" 
  BEFORE INSERT ON BOOK
  FOR EACH ROW
Begin
  SELECT BOOK_SQ.nextval
  INTO :new.id
  From Dual;
End;
/
ALTER TRIGGER "BOOK_TG" ENABLE;
/
--------------------------------------------------------
--  DDL for Trigger CUSTOMER_TG
--------------------------------------------------------

  CREATE OR REPLACE NONEDITIONABLE TRIGGER "CUSTOMER_TG" 
  BEFORE INSERT ON Customer
  FOR EACH ROW
BEGIN
  SELECT CUSTOMER_SQ.nextval
  INTO :new.id
  From Dual;
End;
/
ALTER TRIGGER "CUSTOMER_TG" ENABLE;
/
--------------------------------------------------------
--  DDL for Trigger CUSTOMER_CARD_TG
--------------------------------------------------------

  CREATE OR REPLACE NONEDITIONABLE TRIGGER "CUSTOMER_CARD_TG" 
  BEFORE INSERT ON CUSTOMER_CARD
  FOR EACH ROW
Begin
  Select Customer_Card_Sq.Nextval
  INTO :new.CARDid
  From Dual;
End;
/
ALTER TRIGGER "CUSTOMER_CARD_TG" ENABLE;
/
--------------------------------------------------------
--  DDL for Trigger ORDER_DETAIL_TG
--------------------------------------------------------

  CREATE OR REPLACE NONEDITIONABLE TRIGGER "ORDER_DETAIL_TG" 
  BEFORE INSERT ON ORDER_DETAIL
  FOR EACH ROW
Begin
  Select ORDER_DETAIL_Sq.Nextval
  INTO :new.id
  From Dual;
End;
/
ALTER TRIGGER "ORDER_DETAIL_TG" ENABLE;
/
--------------------------------------------------------
--  DDL for Trigger ORDERS_TG
--------------------------------------------------------

  CREATE OR REPLACE NONEDITIONABLE TRIGGER "ORDERS_TG" 
  BEFORE INSERT ON ORDERS
  FOR EACH ROW
Begin
  Select ORDERS_Sq.Nextval
  INTO :new.id
  From Dual;
End;
/
ALTER TRIGGER "ORDERS_TG" ENABLE;
/
--------------------------------------------------------
--  DDL for Trigger PUBLISHER_TG
--------------------------------------------------------

  CREATE OR REPLACE NONEDITIONABLE TRIGGER "PUBLISHER_TG" 
  BEFORE INSERT ON PUBLISHER
  FOR EACH ROW
BEGIN
  SELECT PUBLISHER_SQ.nextval
  INTO :new.id
  From Dual;
End;
/
ALTER TRIGGER "PUBLISHER_TG" ENABLE;
/
--------------------------------------------------------
--  DDL for Trigger REVIEW_TG
--------------------------------------------------------

  CREATE OR REPLACE NONEDITIONABLE TRIGGER "REVIEW_TG" 
  BEFORE INSERT ON REVIEW
  FOR EACH ROW
Begin
  Select REVIEW_Sq.Nextval
  INTO :new.id
  From Dual;
End;
/
ALTER TRIGGER "REVIEW_TG" ENABLE;
/
--------------------------------------------------------
--  DDL for Trigger SHIPPING_ADDRESS_TG
--------------------------------------------------------

  CREATE OR REPLACE NONEDITIONABLE TRIGGER "SHIPPING_ADDRESS_TG" 
  BEFORE INSERT ON SHIPPING_ADDRESS
  FOR EACH ROW
Begin
  Select SHIPPING_ADDRESS_SQ.Nextval
  INTO :new.id
  From Dual;
End;
/
ALTER TRIGGER "SHIPPING_ADDRESS_TG" ENABLE;
/
--------------------------------------------------------
--  DDL for Trigger SHIPPING_DETAIL_TG
--------------------------------------------------------

  CREATE OR REPLACE NONEDITIONABLE TRIGGER "SHIPPING_DETAIL_TG" 
  BEFORE INSERT ON SHIPPING_DETAIL
  FOR EACH ROW
Begin
  Select SHIPPING_DETAIL_SQ.Nextval
  INTO :new.id
  From Dual;
End;
/
ALTER TRIGGER "SHIPPING_DETAIL_TG" ENABLE;
/


  


--------------------------------------------------------
--  Procedure AddShipDetailByOrderId
--------------------------------------------------------
create or replace 
PROCEDURE AddShipDetailByOrderId(V_ORDER_ID NUMBER)
AS
    
        Cursor C Is
            Select Id, Quantity, Bookid From Order_Detail Where Orderid= V_Order_Id;
        detailRow C%ROWTYPE;   
Begin
    FOR detailRow IN C
    LOOP
      Addshipdetailbyorderdetailid(Detailrow.Id);
      update Book set Qtyinstock=qtyinStock - detailRow.quantity where id=detailRow.bookid;
    END LOOP;

END;
---------------------------------------------------------
---- Procedure Addshipdetailbyorderdetailid
---------------------------------------------------------
create or replace 
PROCEDURE AddShipDetailByOrderDetailId(V_ORDER_DETAIL_ID NUMBER)
AS
    
        CURSOR C IS
            SELECT A.* FROM (
               SELECT I.BOOKID, BARCODE, RANK() OVER (PARTITION BY BOOKID ORDER BY BARCODE) AS RANK
               FROM INVENTORY I 
               WHERE  i.isavailable=1 
            ) A INNER JOIN ORDER_DETAIL OD ON A.BOOKID=od.bookid
            WHERE A.RANK<=od.quantity AND OD.ID= V_ORDER_DETAIL_ID;
        ITEM c%rowtype;   
BEGIN
    FOR ITEM IN C
    LOOP
        INSERT INTO SHIPPING_DETAIL(ORDERDETAILID, BARCODE)
        VALUES (V_ORDER_DETAIL_ID, ITEM.BARCODE);
        Update Inventory Set Isavailable= 0 Where Barcode= Item.Barcode;
        
    END LOOP;

END;
-----------------------------------------------------------
---- Procedure deleteBook
-----------------------------------------------------------

create or replace procedure deleteBook(bookId INTEGER)
as
  
begin
    update book set deleteflag=1  where id=bookId;
  
end;
/
-----------------------------------------------------------
---- Procedure SavePriceHistory
-----------------------------------------------------------

create or replace PROCEDURE SavePriceHistory(
    v_bookId in Price_History.bookid%type,
    v_invoice in Price_History.INVOICEPRICE%type, 
    v_sell in PRICE_HISTORY.SELLPRICE%type)
AS
        num_record int;
BEGIN
   SELECT  count(*) into num_record FROM PRICE_HISTORY WHERE BOOKID=v_bookid and enddate is null;
        -- This is new book, don't have any record in history
        IF(num_record=0) THEN
                DBMS_OUTPUT.PUT('This is new book, just insert new record');
                INSERT INTO PRICE_HISTORY(BOOKID, STARTDATE,  INVOICEPRICE, SELLPRICE, CREATEDATE) 
                VALUES( v_bookId, trunc(sysdate), v_invoice,  v_sell,trunc( sysdate));
        ELSE
            -- This is old book
                DBMS_OUTPUT.PUT('This is old book, just update with new invoice price or sellprice if user update price in the same date ');
                SELECT   count(*) into num_record 
                FROM PRICE_HISTORY 
                 WHERE BOOKID= v_bookId  and ENDDATE is null AND trunc(startdate)=trunc(sysdate);
          
                     --if change value today again
                IF(num_record=1) THEN

                         UPDATE PRICE_HISTORY SET INVOICEPRICE= v_invoice, SELLPRICE= v_sell where  BOOKID= v_bookId  and ENDDATE is null and startdate=trunc(sysdate);
              ELSE
              --else  book have  the difference invoice and sell price apply for today, then insert new 
                             UPDATE PRICE_HISTORY SET ENDDATE= trunc(sysdate-1) where  BOOKID= v_bookId  and ENDDATE is null ;
                            INSERT INTO PRICE_HISTORY(BOOKID, STARTDATE,  INVOICEPRICE, SELLPRICE, CREATEDATE) 
                            VALUES( v_bookId, trunc(sysdate), v_invoice, v_sell, trunc(sysdate));
              END IF;                    
         End If ;
END;